outlet_id,street_address,zipcode,contact,fran_id
1,2555 11th Avenue,80631,3704364173,28
2,2513 Highway 6 And 50,81505,2575716456,38
3,1125 Patterson Road,81506,4415599384,12
4,3455 N Salida Court,80011,4687789204,37
5,5225 E Colfax Avenue,80220,4682777813,4
6,1350 W Colfax Avenue,80204,7371509200,1
7,200 16th Street,80202,7669362670,1
8,1772 N College Ave,72703,2587263246,4
9,605 S Havana Street,80012,7609304583,20
10,16th Glenarm Place,80202,1139954669,40
11,201 W Fillmore Street,80907,4945750993,16
12,1560 Briargate Boulevard,80920,1822056406,33
13,1916 Southgate Rd Space E8a,80906,4515877465,32
14,7140 N Academy Blvd Space B4,80920,9250130169,41
15,11410 N Rodney Parham Rd,72212,3453674453,7
16,1111 Highway 62 65 N,72601,6533935093,24
17,211 Thorsheim St,99615,9070763399,37
18,2417 Tongass Ave Ste 120,99901,4589984423,12
19,2695 Mill Bay Rd,99615,5560102907,4
20,209 N Santa Claus Ln,99705,9276708193,4
21,808 Water St,99901,3055065457,36
22,10160 Kenai Spur Hwy,99611,4062409345,11
23,1991 Airport Way,99701,3375898629,11
24,1553 Bragaw St,99508,2550765965,16
25,810 Row River Rd,97424,9975251888,15
26,198 Central Avenue,10606,1649165988,32
27,1914 Adams Ave,97850,5489836608,16
28,8429 W Center Rd,68124,3149677650,15
29,1808 Ashville Road,35094,4778756921,5
30,303 9th Ave SW,36862,1167173553,12
31,503 1st Ave W,35481,3249901746,36
32,302 W Bypass,36420,8328205402,3
33,5356 Highway 67 S,35670,1625600561,16
34,9433 Highway 431 S,35763,6413942564,3
35,505 E Cumming Avenue,36467,6742193803,7
36,910 2nd Ave E,35121,6602882998,14
37,639 Northgate Dr NW,35016,9385912891,11
38,1624 Temple Ave N,35555,4300843666,11
39,6707 Highway 431 S Ste 104,35763,2297800518,3
40,7290 Us Highway 43,35563,4331562415,43
41,1001 Fort Dale Road,36037,8023639093,8
42,9400 Grand Bay Wilmer Rd S,36541,7388872162,24
43,890 Odum Road,35071,6996186414,1
44,1020 Decatur HWay,35071,4589362221,13
45,704 Highway 28 W,35470,8881340407,1
46,423 Highway 28 W,35470,5513197487,11
47,527 Bald Eagle Dr,34145,1359814045,47
48,720 Main St NE,35077,3915893324,3
49,1108 21st Street,35565,4270825426,16
50,7909 Crestwood Boulevard,35210,7905023540,14
51,325 S Eufaula Avenue,36027,6070371740,42
52,113 Will Garrett Road,39364,8271978216,15
53,930 N Washington Street,35470,3043260952,13
54,5375 Highway 68 W,35961,8165728145,16
55,1655 W Main Street,35960,4755320305,13
56,650 Cedar Bluff Road,35960,1635903231,1
57,5094 Louina Road,36274,4606085413,8
58,801 Us Highway 80 W,36732,9158905673,12
59,55 Birmingham Road,35042,3467850399,12
60,3821 Airport Blvd,36608,7106229431,41
61,5535 15th Ave E,35405,2458256247,47
62,2400 6th Ave Se,35601,2113612282,37
63,45 Lakeview Circle,36502,2839122192,13
64,202 Memorial Pkwy NE,35442,2499577818,25
65,5707 Veterans Memorial Drive,35005,4362471169,12
66,160 Vaughan Lane,35125,9020492806,15
67,1104 2nd Ave E,35121,8913547196,17
68,18 Big Valley Drive,36250,4267765020,25
69,7750 Airport Boulevard,36608,9227628905,15
70,100 N Craft HWay,36611,4680996085,22
71,5192 Caldwell Mill Road,35244,7984627171,4
72,136 Marketplace Cir Ste C,35040,7538623360,11
73,113 Greenhill Blvd NW,35967,8328790323,21
74,208 Main Saint E,35986,5472015692,13
75,200 Main St W Ste 102,35986,9365599630,11
76,1003 Highway 231 S,36081,1346564738,3
77,3029 Allison Bonnett Memorial Dr Ste 109,35023,8847567319,11
78,2181 Highway 78,35062,3592270144,8
79,80 Highway 195,35503,1402185267,29
80,821 Highway 78 W,35501,5969186130,43
81,2885 Memorial Pkwy NW,35810,8368654689,4
82,6212A Old Madison Pike NW,35806,7854115008,3
83,6140 University Dr NW,35806,7837422817,3
84,3711 Us Highway 431 S,36869,2930436253,5
85,3709 Highway 280 431 N,36867,7275743173,1
86,3874 Saint Marys Road,31906,3546156714,25
87,1707 Wynnton Road,31906,8987889149,6
88,414 3rd St,99701,2548417823,30
89,2808 Avenue S,35218,8298546353,23
90,2808 7th Ave S Ste 113,35233,6587745655,23
91,1449 Montgomery HWay,35216,5467314928,24
92,310 Summit Blvd Ste 106,35243,2837719698,40
93,1077 Highway 119,35007,6476118457,42
94,634 1st St N Ste 200,35007,9408285733,11
95,5076 Highway 31,35040,3830600543,7
96,1740 Gunter Avenue,35976,7208882276,4
97,1407 6th Ave SE,35601,4527512273,3
98,1809 Beltline Rd SW,35601,7180745436,5
99,2812 Spring Ave SW Ste G,35603,2016791409,39
100,3041 Highway 20,35601,4043396509,12
101,1817 6th Ave SE,35601,7410347720,40
102,1225 Beltline Rd SW,35601,5402597612,29
103,1654 Beltline Rd SW,35601,6132029202,30
104,5 N Pointe Pkwy Ste F,36330,2152030398,3
105,115 Edgewood Drive,35630,3511419845,36
106,2627 S Oates Street,36301,7785391786,24
107,1165 Ross Clark Circle,36301,4633976692,7
108,1067 Ross Clark Circle,36303,5208437342,13
109,1130 University Blvd Ste B1,35401,5159865584,48
110,3808 Mcfarland Blvd E,35405,6883059183,7
111,2312 Mcfarland Blvd E,35404,1975361961,37
112,1703 S College Street,36832,1116923567,13
113,935 Us Highway 72 E Ste A,35611,9315112120,39
114,100 US Highway 31 S Ste N,35611,7270209066,3
115,1720 Hamric Dr E Ste 1,36203,4592761450,30
116,609 Snow Street,36203,7838671768,16
117,107 Arnold St NW,35055,8234716965,23
118,1641 Main Ave SW,35055,6127708932,43
119,1705 Cherokee Ave SW,35055,9917933048,3
120,5505 Al Highway 157,35058,8089082038,19
121,1912 Al Highway 157,35058,6409435588,3
122,724 2nd Ave NW,35055,9093953959,29
123,1713 2nd Ave SW,35055,6500807601,13
124,9973 Parkway E,35215,6744535914,25
125,6639 State Highway 151,35126,1589947989,1
126,6200 Grand River Blvd E Ste 366,35094,3819433465,12
127,9829 Parkway E,35215,7678860649,13
128,4500 Montevallo Rd Ste A107,35210,8704153445,3
129,7736 1st Ave N,35206,8315141214,30
130,1801 4th Ave S,35233,2492193992,9
131,2737 Highway 280 S,35223,4809034612,8
132,1031 Montgomery Hwy Ste 111,35216,9780610151,41
133,1428 Old Walker Chapel Road,35068,3467975237,36
134,3052 Jefferson Ave SW,35211,4475502534,42
135,2501 Avenue E,35218,7500805564,42
136,401 19th Street Ensley,35233,7382272584,29
137,3520 Avenue E,35218,5518777020,1
138,4760 Eastern Valley Rd,35111,5265441708,3
139,611 Bessemer Super HWay,35228,3997035378,24
140,437 Green Springs Hwy Ste 121,35209,6670861236,11
141,829 8th St N,35020,2070475938,11
142,1801 4th Ave S,35210,3510997495,25
143,323 20th St N,35203,3840114528,23
144,1539 Us Highway 98,36526,2297557676,16
145,6890 Us Highway 90,36526,1197707029,39
146,975 Gilbert Ferry Rd SE,35954,3475208771,3
147,2000 Us Highway 278 E,35903,2161190985,43
148,1414 Rainbow Drive,35901,2191963005,29
149,2508 W Meighan Boulevard,35904,2512923965,29
150,2477 Highway 77,35907,3778845175,3
151,102 George Wallace Drive,35903,6579489950,37
152,816 Pelham Rd S,36265,7194506437,11
153,326 W Magnolia Avenue,36832,8015817069,5
154,2220 Sparkman Dr NW,35810,7158409630,20
155,1006 Jordan Ln NW,35816,8906653768,8
156,7900 Bailey Cove Rd SE,35802,3122172262,30
157,1217 Grace St NW,35801,1119045383,41
158,4800 Whitesburg Dr SW Ste 32,35802,2344349232,44
159,1395 Enterprise Way NW,35806,6629913810,45
160,2785 Carl T Jones Dr SE,35802,1709329371,23
161,1480 Perimeter Pkwy NW,35806,4712467075,44
162,4314 University Dr NW,35816,1937415494,32
163,3314 Wall Triana Hwy SW,35824,6075426563,36
164,3109 Drake Ave SW,35805,2021996440,17
165,300 Andrew Jackson Way NE,35801,5030565768,24
166,700 Governors Dr SW,35801,7093931455,32
167,3222 Bob Wallace Ave SW,35805,4617038473,13
168,3019 Woodman Dr,45420,1270973410,3
169,8932 E 38th St,46226,6381879392,11
170,935 W South Boulevard,36105,1583886062,1
171,7224 Eastchase Parkway,36117,1396974432,10
172,5660 Old Shell Road,36608,6897517677,47
173,390 Schillinger Rd S,36695,4186862836,16
174,5019 Cottage Hill Road,36609,8036687226,1
175,3944 Government Boulevard,36693,4696307538,13
176,5380 Highway 90 W,36619,2958912194,7
177,951 Montlimar Drive,36609,3667489426,13
178,3121 Yosemite Blvd,95354,8708457289,12
179,4615 Highway 280,35242,3154265731,15
180,4620 Highway 280,35242,5506203853,5
181,4719 Highway 280,35242,2180723943,32
182,2 20th St N Ste 120,35203,7080931712,32
183,1200 20th St S Ste 100,35205,8564870057,16
184,600 E Broadway,72114,9791049837,1
185,13869 W Bell Rd Ste 107,85374,5386961300,30
186,1433 Mine Street,71852,3044190108,20
187,10880 Randolph St,46307,4220564217,3
188,2701 N Western Ave,60647,9336448440,7
189,2581 Us Highway 43,35594,8405629780,13
190,3905 Sw 40th Boulevard,32608,7571244899,7
191,110 5th Saint E,35180,8204667413,16
192,1404 S Rock Street,72150,2369327882,7
193,8256 Orion Ave,91406,3946066237,4
194,1728 Highway 69 Boulevard,72472,6072799167,40
195,14251 West Indian School Bypass,85395,3513910785,22
196,10850 Haynes Bridge Road,30022,4405719238,4
197,42966 Hayes Rd,48038,1829546032,23
198,1201 W Main St,45345,1312121053,17
199,1200 Broadway,46407,4823633749,3
200,3602 Grape Rd Ste 2,46545,8477810394,3
201,102 Elm St,41016,3438033177,11
202,4533 S Emerson Ave,46203,8959137748,11
203,100 S Mannheim Rd,60162,6656637842,19
204,2994 Crawfordville Hwy,32327,7144289107,24
205,3750 NW 13th Street,32609,7857205211,14
206,3485 East Ajo Way,85713,9759999029,7
207,1406 N Main Street,72021,6998603382,1
208,9703 Kennedy Avenue,46322,1444875851,6
209,1955 Main St Ste 101,96793,1498460838,3
210,317 N Main St,62629,7971568930,3
211,1702 W Bradley Ave,61821,4778248167,37
212,607 Union Street,72834,9288446803,7
213,109 W 1st Avenue,71635,4068317191,4
214,990 N. Western Ave.,90029,7409345785,4
215,1201 Ar 56 HWay,72519,4402796242,3
216,100 Markham Park Drive,72211,8189711010,14
217,6878 E Sunrise Dr STE 150,85750,4032078656,3
218,201 Poplar Avenue,38103,8711196677,3
219,1216 E Antigo St,71860,6490075312,13
220,4501 Central Ave Ste 147,71913,5738882200,5
221,227 E Market Street,72830,7952661201,15
222,518 N Plaza Court,72956,9147070831,3
223,11920 S Western Ave,60406,5873275408,1
224,8350 Warden Road,72120,7168421059,4
225,435 Germantown Pike,19444,9781410503,40
226,1034 Little Road,72076,6214683127,37
227,3111 Mahan Dr.,32308,5371182971,41
228,8835 Davis Blvd,34116,9336291466,4
229,2424 N West Avenue,71730,9045664566,3
230,2537 N Dale Mabry Hwy,33607,2691569130,23
231,425 W Capitol Ave Ste 19,72201,1432712034,3
232,4415 E Mccain Boulevard,72117,9394122389,9
233,1728 E Robinson Avenue,72764,9229523674,4
234,983 W Sunset Avenue,72764,9855686548,31
235,3610 Camden Road,71603,8127918260,1
236,314 S School Avenue,72701,2862456338,11
237,1443 Main Drive,72704,9597243431,13
238,1140 Hamner Avenue,92860,2167483525,4
239,4495 N Oracle Rd,85705,8771884425,1
240,3700 Rivertown Parkway,49418,4024280871,10
241,2303 E Parker Road,72404,2199076523,33
242,2935 Parkwood Rd Ste C,72401,5451545548,47
243,1710 Lincolnway,46383,5497623278,3
244,2629 S Main St,29624,1956667317,4
245,1515 West Jefferson Avenue,60435,1663859756,1
246,435 S River Rd,60016,3235311539,50
247,4424 W Markham Street,72205,7512657217,4
248,6 Colonel Glenn Court,72210,3947389348,4
249,9101 W Markham Street,72205,3589267880,41
250,9600 N Rodney Parham Road,72227,7637358677,4
251,6010 Market Street,72802,8877612216,13
252,1377 N Harbor City Blvd,32935,6950739417,3
253,1420 NW 10th St,34475,6964668017,41
254,5025 N State Line Avenue,75503,5731181322,7
255,201 E Bison Way,80642,9224362916,28
256,2375 Dave Ward Drive,72034,7751921513,16
257,8570 Highway 71 S,71973,4510682892,43
258,789 N Sebastian,72390,6732346869,14
259,1066 Harriman Pl,92408,8379544319,35
260,511 NW 4th Street,72476,1773319485,1
261,103 Hwy 31 N,35611,6557737924,1
262,7101 Democracy Blvd Spc 2341,20817,1520665863,30
263,2451 Chillum Road,20782,2245815048,9
264,889 E National Rd,45377,1443882000,40
265,104 N West Street,22314,3021060721,9
266,8476 E Ridge Rd,46342,3384461764,4
267,6904 Kennedy Ave,46323,9399041474,7
268,2622 Charles St,61108,6566636195,1
269,6200 Cermak Rd,60402,2782444921,14
270,2800 Milton Way Ste 5,98354,7338267020,3
271,235 Roosevelt Avenue,98022,9756209747,3
272,1402 1st Street,98022,2190681964,20
273,2800 Milton Way,98354,9987743573,41
274,3500 S Meridian Ste F18,98373,2644621106,20
275,1769 NW Saint Lucie West Blvd,34986,7838634507,40
276,5603 Leesburg Pike,22041,9640010855,1
277,4803 Leesburg Pike,22302,5936843796,1
278,806 H St NW,20001,7998343768,16
279,1961 Chain Bridge Rd,22102,7950039224,43
280,4834 Lee HWay,22207,9705357090,1
281,1705 Ridgeside Drive,21771,5926364992,11
282,2545 E Highway 50,34711,4682112444,33
283,412 South St,22630,1710859484,7
284,8800 Kingsridge Dr,45458,8285980178,3
285,613 Sagamore Pkwy W,47906,7191091431,1
286,705 W Main St,46923,9133004586,32
287,5810 Kingstowne Ctr Ste 130,22315,2021918963,3
288,3711 Campus Dr Ste E,20740,3673206370,3
289,4817 Lee HWay,22207,3109113954,3
290,1901 Michigan Ave NE,20018,4234795022,3
291,3691 Bladensburg Road,20722,4380727745,3
292,8700 Flower Avenue,20901,8291597320,29
293,5747 Burke Centre Parkway,22015,4315109881,20
294,785 Elkridge Landing Rd Ste 120,21090,5349373274,41
295,9912b Georgetown Pike,22066,6510077148,31
296,6317 Multiplex Dr Ste A,20121,3338163807,32
297,1521 N Quaker Lane,22304,2891617522,8
298,9447 Lorton Market Street,22079,3661369720,47
299,7923 Tyson Oaks Circle,22182,2392240053,20
300,4514 Chappie James Blvd SW,20032,7076556461,9
301,709 H St NW,20001,2048692276,12
302,427 South Columbia Street,31326,3909052795,1
303,2100 Crystal Drive,22202,9876152480,25
304,1636 W Hillsboro Blvd,33442,6477216959,11
305,2509 Okeechobee Blvd,33409,2769180048,11
306,1950 Yosemite Pkwy,95341,4660111012,20
307,3309 Tweedy Blvd,90280,8577028113,1
308,3548 Canada Rd,38002,4919728313,3
309,6295 Mid Rivers Mall Dr,63304,7740249752,23
310,4920 E Silver Springs Blvd,34470,1855128552,3
311,25 W Hibiscus Blvd,32901,5017035854,1
312,5475 Snell Ave,95123,1913374149,11
313,3227 S White Rd,95148,3622624933,11
314,313 Highway 64,86023,1106185924,1
315,527 W Old Highway 66,86337,2101903080,30
316,55 S Main Street,85132,5180229156,3
317,400 Mikes Pike Street,86047,2311473151,15
318,30830 Old US 20,46514,2841964893,31
319,1403 S Crismon Road,85209,7339941888,18
320,3822 Laclede Ave,63108,8044933130,23
321,2631 N No Way,85602,3868072571,17
322,663 Battlefield Parkway,30742,3650542238,14
323,2850 Washington Rd,30909,9794915508,4
324,1195 S Craycroft Road,85711,5420434980,18
325,550 W Valencia Road,85706,7942850880,18
326,1727 W Fletcher Ave,33612,8140079208,11
327,879 N Boulevard,85128,6470701211,3
328,1710 S Greenfield Road,85206,5622440100,7
329,1628 Broadway,95501,4786001487,3
330,3312 S 6th Avenue,85713,3740815547,9
331,7090 E 22nd Street,85710,7406582948,1
332,9075 E Tanque Verde Road,85749,7588599884,1
333,7006 E Golf Links Road,85730,4493526855,7
334,1221 Huntington Dr,91010,5441306117,30
335,7519 Laguna Blvd,95758,2832858185,38
336,1301 E Houston Ave,93292,5307561799,3
337,21 W Lodi Ave,95240,9413214140,11
338,2805 W Agua Fria Fwy Ste 4,85027,8350466121,23
339,108 Joshua M Freeman Blvd,25438,1992319668,1
340,350 N 67th Avenue,85043,6283314472,7
341,3970 E 22nd Street,85711,3997498023,42
342,7860 E Wrightstown Road,85715,5795157208,6
343,50925 Hayes Rd,48315,2075010160,32
344,517 W Bremer Ave,50677,9531036199,3
345,517 W Monroe St,46923,8774468409,3
346,6730 W Mcdowell Road,85035,1052452317,42
347,5825 S 35th Avenue,85041,3191505834,4
348,7451 W Indian School Road,85033,4681926968,42
349,5870 W Thunderbird Road,85306,6564995989,41
350,9128 South Cicero Avenue,60453,1543969789,1
351,4500 Highway 58,37416,2048469579,6
352,163 Flash Foods Dr,31523,5579603034,43
353,6003 Newberry Rd,32605,6454708808,1
354,520 N. Courtenay Pkwy.,32953,3453690193,31
355,13789 Walsingham Rd,33774,6749511177,11
356,7103 Seminole Boulevard,33772,9045204650,14
357,431 N 25th St,34947,1932978651,41
358,861 Moraine Ave,80517,3276394616,20
359,4747 E Elliot Rd Ste 17,85044,8021902365,36
360,1392 W Elliot Road,85284,9971670577,15
361,445 5th St,95501,1315722885,37
362,109 N Boulevard,85128,8702815368,11
363,3605 East 18th St,94509,7951063039,7
364,4328 E Chandler Boulevard,85048,1374540487,12
365,30607 Temecula Pkwy,92592,4923569301,38
366,3385 Buford Hwy,30329,2955542090,4
367,2530 E Parks Hwy,99654,8452794443,43
368,1888 W Main St,45373,4032883370,23
369,6305 E 22nd Street,85710,7663145738,32
370,3460 N Oracle Road,85705,1137943546,37
371,610 N Nappanee St,46514,6000299216,36
372,117 E McKinley,46545,3936447743,9
373,903 Spruce St,49047,6376863172,7
374,7847 Tylersville Rd,45069,9807045656,11
375,6000 N 2nd St,61111,3778973367,1
376,235 S Route 83,60126,8838324146,5
377,1191 East Ogden Avenue,60563,6773591153,10
378,802 W University Ave,61801,8301595377,3
379,1701 John F Kennedy Blvd,19103,3350490960,19
380,1315 S Watson Road,85326,6181049522,7
381,3451 Tamiami Trl E,34112,8980755973,3
382,1371 N Military Trl,33409,3540706991,47
383,4457 Austin Bluff Parkway,80918,3448792290,13
384,4908 S Power Road,85212,2595736513,5
385,12780 South Highway 33,95322,2364422720,4
386,21 S Signal Butte Rd Ste 103,85120,1301197942,3
387,6555 E Southern Avenue,85206,2008126868,3
388,5385 Camden Ave,95124,5245440594,25
389,268 W Fry Boulevard,85635,6125687842,46
390,4844 S Val Vista Dr Ste 104,85298,9668922249,37
391,7138 E Us Highway 60,85118,5462062118,1
392,8849 N 7th Street,85020,7498180379,1
393,7575 W Lower Buckeye Road,85043,3434618416,1
394,4019 E Chandler Boulevard,85048,4999328441,1
395,4750 E Warner Road,85044,4869644216,1
396,5255 S Power Road,85212,3049004883,1
397,3434 W Union Hills Drive,85027,3657791984,1
398,3207 W Indian School Road,85017,8072811612,1
399,2824 N Pinal Avenue,85122,8497769296,1
400,1421 Winchester Rd NE,35811,5204130306,12
401,10810 Baltimore Avenue,20705,1503175055,4
402,1341 N. Opdyke Rd.,48326,9484879091,4
403,2625 SW State Street,50021,3767412844,1
404,3805 E Gordon Dr,51106,8954326436,6
405,528 Wilmington Ave,45420,2281630457,3
406,3450 N Glassford Hill Road,86314,3728111590,3
407,30895 Old Us 20,46514,9972290284,43
408,3431 N Stockton Hill Road,86409,1747011999,1
409,1325 W Elliot Road,85284,8693023044,46
410,222 S Mill Ave Ste 125,85281,3674304158,16
411,901 E Curry Road,85281,3343365326,18
412,8301 W Peoria Avenue,85345,3576067371,8
413,415 Easton Rd,19044,5456288813,6
414,1250 S Country Club Drive,85210,7471247290,1
415,2370 SW College Road,34471,6285549200,10
416,2020 S Casino Drive,89029,4675862553,17
417,3102 College Avenue East,33570,9846581090,14
418,3904 Skyline Blvd,33914,2242609343,40
419,1039 Space Center Dr,80915,1534451716,21
420,3253 Stevens Creek Blvd,95117,9241278480,31
421,6335 E Greenway Road,85254,2207170974,1
422,7014 E Camelback Road,85251,3373988556,25
423,7071 N 138th Ave Bldg 1540,85307,6439190160,43
424,5406 Sunrise Blvd,95610,8089326979,40
425,106 S Fremont Street,51601,8650454789,11
426,15280 Civic Drive,92392,4103956823,30
427,1 1st Ave SE,50662,3599670185,1
428,1342 S Alma School Rd,85210,8087395690,34
429,2663 E Broadway Rd.,85204,1860941630,4
430,1075 Whitlock Ave SW,30064,5504825023,11
431,105 N Western Street,50450,2578122586,3
432,274 W Hickman Road,50263,3823718325,32
433,1300 W 18th St S,50208,2638839413,4
434,205 Easton Rd,19044,5333058731,1
435,2101 North Federal Highway,33062,8038282468,10
436,2050 State Rte 60 E,33594,9567539801,1
437,3225 34th St N,33713,2003905785,8
438,4683 Park Blvd N,33781,1311753674,8
439,4380 Forest Hill Blvd,33406,9008922024,49
440,551 Cassat Ave,32254,1489392539,46
441,1111 SE Port St Lucie Blvd,34952,7010663695,23
442,5560 Okeechobee Rd,34947,4807968041,5
443,714 Liberty Street,50219,5977198466,3
444,1029 Main Street,52632,5211362641,3
445,3146 G St Ste 107,95340,1244992439,36
446,600 7th Ave SW,50676,8767812638,21
447,3300 9th St SE,50009,6448788127,21
448,3501 Highway 71,51360,4446853860,15
449,702 A Ave W,52577,8153798879,4
450,1500 NW 86th Street,50325,9761897917,23
451,3918 Fleur Drive,50321,5099108046,23
452,795 Goodman Rd E,38671,5297969206,41
453,1551 Valley West Drive,50266,9914637126,37
454,2250 Highway 95,86442,2095635595,29
455,13392 Perdido Key Dr,32507,5168315416,7
456,750 Marion Boulevard,52302,5087477091,4
457,8700 Richmond Hwy,22309,1884478616,6
458,2801 Grand Avenue,50010,7234572439,12
459,5369 Bay Rd,48604,8815434115,27
460,3232 Utica Ridge Rd Ste 2,52722,5532863802,20
461,2185 53rd Avenue,52722,3016779665,1
462,1308 Platte Falls Road,64079,4638647632,13
463,4430 Mann Rd,46221,3235984356,46
464,1022 Us Highway 31 S,46143,1528761500,11
465,1636 E State Road 44,46176,7308571897,11
466,224 Oak Creek Plz,60060,1629380076,48
467,600 N Clark,60610,6730781284,1
468,3020 S Halsted St,60608,8559309820,1
469,801 1st Avenue,52241,4675380062,15
470,1987 2nd Street,52241,3961001664,37
471,233 West Chester Pike,19083,9165628897,7
472,10 Lafrentz,50158,5778954864,9
473,240 Colonial Way Ste A,21911,5807509128,16
474,117 S 2nd Street,52732,6235478183,24
475,2918 N Ashley St,31602,9592548188,32
476,2516 Park Avenue,52761,6533940875,46
477,412 Cleveland Street,52761,3128226004,15
478,13575 West Dixie Highway,33161,3095431914,7
479,8050 Nw 36th St,33166,4969821211,7
480,712 Cypress Village Blvd,33573,6943160096,11
481,5941 SE 14th Street,50320,1015950649,27
482,4351 Merle Hay Road,50310,3245317038,25
483,7147 Okeechobee Rd,34945,3008543744,36
484,1652 NE Pine Island Rd,33909,1696392115,12
485,101 S McCulloch Blvd,81007,1048183936,32
486,2441 Northgate Street,52501,5424792403,1
487,100 S State College Blvd,92806,7037891732,18
488,3801 1st Ave SE,52402,7353533797,8
489,3607 Metro Drive,51501,7713150628,21
490,781 Pleasant Grove Blvd Ste 140,95678,2402134141,8
491,4046 E 53rd Street,52807,6121688708,43
492,2104 E Kimberly Rd Ste 100a,52807,9270407132,40
493,719 South Broadway,72201,5470956385,4
494,1721 E Locust Street,52803,4703938282,21
495,1104 Washington Street,50702,4943639596,25
496,1331 Flammang Drive,50702,1658489760,5
497,2775 Crossroads Boulevard,50702,8699223400,32
498,390 W 80 Road,52773,2706985367,21
499,4835 Silverhill Rd,20746,8530944844,1
500,3084 Colonel Glenn Hwy,45324,4898934154,6
501,825 W Main Street,45373,2199650209,6
502,126 Highway 56,66006,3648079955,4
503,1596 W 7th Street,99156,5790849733,32
504,1654 Cassopolis St,46514,1946740918,11
505,4971 Vine St,45217,9300782658,11
506,4849 State Route 125,45121,7358827597,11
507,6662 W Overland Drive,83402,2147157302,7
508,885 Wainee St,96761,3806503750,1
509,1985 Wentzville Pkwy,63385,1276002391,19
510,3602 N Mattis Ave,61822,5826801878,32
511,309 N Market St,61856,6144992322,24
512,111 University Oaks,78665,6422461645,19
513,2103 E Main St,77573,1497571194,4
514,24133 Peachland Blvd,33952,9040956069,1
515,7020 Beracasa Way,33433,4520543264,49
516,150 N State Street,83442,8600610287,48
517,2015 Garnet Ave,92109,3071885821,40
518,88 Corporate Park,92606,1946141980,35
519,710 E Avalon Street,83634,2353372847,41
520,455 S 16th Street,83661,7900224748,3
521,6613 W Commercial Park Avenue,83858,3725702287,25
522,305 S 16th Street,83661,6950128799,7
523,401 S Broadway Avenue,83702,1644595277,47
524,3100 Foothills Avenue,83647,1270735574,18
525,3005 W 6th St,90020,2592203520,28
526,3880 Pacific Coast Highway,90505,3837589169,1
527,6560 N Linder Road,83646,5422454957,4
528,1079 S Broadway Avenue,83706,2733682550,25
529,4750 N Division St Ste 198,99207,8518732145,31
530,9170 N Hess St Ste A,83835,4276922912,3
531,8179 Highway 72 W,35758,5924832839,10
532,710 W Pullman Road,83843,6456002068,18
533,346 N 2nd E,83440,7097741501,43
534,12243 W Center Rd,68144,2932448146,3
535,243 Overland Avenue,83318,3729781273,14
536,2931 E 29th Avenue,99223,3366429336,23
537,15745 W 87th St. Parkway,66219,1312629907,13
538,12424 Lagrange Rd,40245,5240929757,15
539,315 Lafortune Student Ctr,46556,5302915995,4
540,1204 1st Street,99004,8772055147,31
541,5520 N Maple Street,99205,7070732416,29
542,1251 Strongbow Center Drive,46383,6833951908,33
543,3443 45th St,46322,7131722678,3
544,2922 West US 22,45039,4807578493,47
545,2507 W Clifton Ave,45219,8625795163,47
546,2126 N Eagle Rd Ste 140,83646,5839993735,25
547,3301 Aldis St,46312,7901328120,48
548,3432 Clemson Blvd,29621,2850283807,46
549,1296 Bridge Street,99403,1286303162,30
550,1010 Port Way,99403,6997844480,32
551,1550 Port Drive,99403,3415251369,16
552,2121 12th Ave Road,83686,3811466556,38
553,5996 Ogeechee Road,31419,2700677411,6
554,1060 Yellowstone Avenue,83201,2410640728,8
555,114 West Brandon Blvd,33511,6431333236,7
556,8630 W Overland Road,83709,2751932012,43
557,11604 US Highway 1,33408,5125342113,9
558,97 S Pine Ave,34450,8330627647,3
559,226 W Ironwood Dr Ste A6,83814,3286150785,40
560,560 W Kathleen Ave Ste 6,83815,1978053126,12
561,1224 E Sherman Avenue,83814,5116838608,25
562,501 E Sherman Avenue,83814,1337012474,21
563,620 Mangrove Ave,95926,6314471525,40
564,754 S Val Vista Dr Ste 103,85296,5190926604,8
565,2200 N Ave Ste 7,85225,4093330934,3
566,3111 W Chandler Blvd Ste FF208,85226,1036994434,40
567,2380 Monument Blvd,94523,3257320438,19
568,5752 Lindero Canyon Rd,91362,1018846259,19
569,1655 Mission Dr,93463,8301746084,16
570,2525 Watt Ave,95821,6339397479,38
571,901 Howe Ave,95825,8449559382,10
572,2675 S Beulah Boulevard,86001,6994613537,32
573,1940 E Butler Avenue,86004,1629660421,1
574,2871 Lenwood Rd,92311,8272627559,38
575,4309 W Bethany Home Rd,85301,1852100847,19
576,8968 Pensacola Blvd .,32534,7527055994,42
577,7410 W Bell Rd Ste 3102,85308,6668817345,30
578,5930 W Greenway Rd Ste 28,85306,3903933178,17
579,1129 Milwaukee Avenue,60015,2349005061,3
580,5730 Silver Hill Rd,20747,4970702571,7
581,2952 Chain Bridge Rd Ste C,22124,8495734069,21
582,8841 159th Street,60487,7034412236,29
583,211 S 4th Street,61061,9206501220,1
584,9239 Gratiot Ave,48213,8546020927,7
585,733 E Central Ave,45449,8121889496,11
586,428 N Broad St,45324,3448615240,11
587,1260 North Nelson Drive,67037,4701118472,14
588,53 Dixon Springs Hwy,37030,8092709102,11
589,229 Franklin Rd,37027,7190732276,31
590,5225 Old Hickory Blvd Ste 203,37076,9454208500,39
591,11200 Highway 51 S,38004,2999589265,14
592,1912 Lowell Park Road,61021,9395627590,43
593,4397 Glen Este Withamsville Rd,45245,1671773452,31
594,20 American Way,45050,4984270850,8
595,10152 Colerain Avenue,45251,7422768624,6
596,718 E Elizabeth Street,62428,1133617952,43
597,3030 Godfrey Road,62035,6249496968,11
598,1800 36th Ave,61265,6963642554,1
599,101 S State Route 53,60424,9839127009,3
600,100 N Kingshighway St,63301,3655782996,23
601,2047 Milwaukee Ave,60015,8465387564,23
602,202 North Avenue,62846,7224644330,1
603,701 W 31st Street,60616,2820242228,36
604,374 W U S Highway 6,46385,2196355202,7
605,425 West Dundee Rd,60090,6772949461,7
606,1470 S Elmhurst Rd,60056,7298981779,14
607,730 Route 113,18964,8211865644,7
608,701 Russell Avenue,20877,8648421984,48
609,421 N Davis Dr,31093,8647937914,24
610,215 E Main St,31635,7630205623,3
611,1202 Columbus Street,61350,4467440112,23
612,1621 Chicago Avenue,60201,6230363642,12
613,64 Old Orchard Shopping Center,60077,7334240797,20
614,3850 Dempster Street,60076,6849355781,7
615,3 Eastport Plaza Drive,62234,7371210839,50
616,1621 Coalton Rd,80027,5146711864,3
617,1423 Hershberger Rd Nw,24012,6510652544,25
618,1017 N Main St,23434,4180344760,20
619,22716 Timberlake Rd,24502,3947195626,46
620,1160 N Military Hwy,23502,6372203790,37
621,1579 Martin Luther King Jr Way,95340,6391860467,34
622,328 W 37th Avenue,46342,5745192202,11
623,637 Broadway,95501,2761795329,30
624,2002 Power Plant Pkwy,23666,1210047912,31
625,1401 Greenbrier Pkwy Ste 2009,23320,8655792150,20
626,2004 Electric Rd,24018,3573827822,41
627,3 Sibley Boulevard,60409,4698238315,6
628,3043 Shore Dr,23451,4929097779,43
629,20101 Lake Forest Dr,92630,2289358574,18
630,1150 W Carl Sandburg Drive,61401,7303523450,47
631,201 College Ave,24060,1694130589,43
632,871 Marina Village Parkway,94501,6782741709,28
633,1201 N Keller Drive,62401,6740635740,4
634,978 Olive Dr,95616,7267718868,43
635,1224 E Edwardsville Road,62095,8170096903,9
636,1902 Homer M Adams Parkway,62002,3847115998,7
637,4315 Burrough Road,72908,3913638249,13
638,8500 Phoenix Ave Ste B,72903,4709208987,47
639,645 Carlyle Avenue,62221,3472454160,14
640,3517 S Grand Boulevard,63118,2832470851,14
641,1914 Dort Highway,48506,7006595022,31
642,3500 Owen Road,48430,4336607297,10
643,4133 W River Dr,49321,5974067176,1
644,1595 Lee Street,60018,6794259989,6
645,2205 Middlebelt Rd,48135,6173415762,1
646,203 Yorktown Shopping Center,60148,1666365542,8
647,6332 W Highway 146 Ste 2,40014,1351857921,41
648,7914 Alexandria Pike,41001,6002655744,7
649,200 S Main Street,61611,3930803786,6
650,915 N Elmwood Avenue,61606,8199985730,21
651,2420 18th St Ste 2,52722,7055677809,20
652,325 E Rand Road,60004,4993830754,41
653,1012 North Rohlwing Rd,60101,2518643246,7
654,2512 Waukegan Road,60025,9105896844,10
655,338 E Rand Road,60004,3045499252,46
656,1305 W 7th St,21702,4660673710,16
657,3457 Magnolia Avenue,63118,8754848109,47
658,3501 Nameoki Road,62040,9796759476,15
659,34 Bahia Loop,34472,8822729276,3
660,7067 Radio Rd,34104,5570909310,3
661,7251 183rd Street,60477,5978497792,6
662,1242 Washington Avenue,33139,9460099420,25
663,6011 N Street,62208,2850609652,16
664,970 N Congress Ave,33426,1374376343,30
665,4510 Broadway Street,62864,2526645150,40
666,6140 E Crossroads Blvd,80538,5672742129,3
667,575 W Olive Ave,95348,4355702502,11
668,12260 Highway 33,95322,9653241932,28
669,1100 N Meridian Ste 1,98371,5302995195,30
670,1756 Fowler St,99352,2734733417,36
671,230 S 72nd Ave,98908,8085333766,4
672,322 Washington Ave S,98032,7599509982,4
673,9401 Rainier Ave S,98118,4254933795,4
674,2001 E 1st St,98362,3392337924,4
675,716 E Yakima Ave,98901,8460368884,4
676,4005 W Kane Avenue,60050,9726886627,48
677,2680 Yakima Valley Hwy,98944,6424153932,11
678,6 N Fair Ave Ste 115,98901,5837589841,11
679,400 Aplets Way,98815,5954212905,41
680,5520 Rainier Ave S,98118,5972260811,16
681,1414 W Francis Ave,99205,5949073554,8
682,430 228th Ave Ne,98074,5041748097,43
683,101 S 2nd St,98057,2757430023,41
684,17140 Redmond Way,98052,9034847845,40
685,1605 Se Vallair Ct,98366,5424755599,41
686,25649 104th Ave Se,98030,1113242416,8
687,1105 E 1st St,98362,5471695343,43
688,674 E San Ysidro Blvd,92173,7318008219,19
689,6821 W Canal Dr,99336,3340527620,30
690,16400 Se Mill Plain Blvd,98684,2179215575,5
691,5429 100th St Sw,98499,9010729696,5
692,1945 S Commons,98003,1236377458,30
693,311 Front St,98264,8548496236,30
694,118 Se 164th Ave,98684,9635187431,29
695,2020 Main St,98248,4324358200,48
696,400 Pacific Ave N,98631,1624994249,46
697,4212 E Sprague Ave,99202,3527122257,48
698,1063 S State Route 157 Ste 3,62025,2901748044,23
699,1141 Lincoln Ave,95125,5979904350,3
700,1045 W Station Street,60901,2667996441,17
701,5006 Northwest Hwy Ste A,60014,7965447840,48
702,440 E 162nd Street,60473,5800842841,11
703,9501 S Cicero Avenue,60453,2363835287,50
704,13446 Lincoln Way,95603,6998890537,7
705,649 Carlyle Avenue,62221,6722102457,43
706,2490 Bushwood Dr Ste C,60124,5590957732,43
707,8074 160th Ave Ne,98052,8151757083,23
708,1310 E Yelm Ave,98597,5059015402,14
709,1520 N Highway,99114,1480669006,14
710,6815 196th St Sw,98036,4565238008,11
711,6401 Ne Highway 99,98665,4217901526,11
712,421 S Cowley St,99202,6360573288,43
713,3717 Factoria Blvd Se,98006,3955929363,8
714,1401 S 348th St Ste M103,98003,4113657871,25
715,108 Del Guzzi Dr,98362,3613702645,23
716,8520 Steilacoom Blvd Sw,98498,6430733271,23
717,1824 S Burlington Blvd,98233,1428183718,23
718,1330 N Argonne Rd,99212,2060945434,23
719,4131 Martin Way E,98516,3369863915,12
720,1285 N Grand Ave,99163,6346835446,36
721,907 Old Highway 97,98812,2496316994,3
722,1990 Ostrems Way,92407,5493316798,4
723,701 N Milwaukee Ave Ste 360,60061,3309305718,5
724,982 S Waukegan Road,60085,4954858362,37
725,9931 W 151st Street,60462,5588183593,25
726,11183 S Frontage Drive,85367,1193708405,14
727,344 Orland Square Drive,60462,4219259559,32
728,2558 W Schaumburg Road,60194,1320078662,48
729,101 Intercom Dr,35758,4786899271,43
730,116 W Washington Street,61701,8337506290,16
731,1801 S Veterans Parkway,61701,4172965677,7
732,6360 Dixie Hwy,48722,4216399360,15
733,801 E Wood Street,62521,3524863947,47
734,245 W Main Ave,99201,6363503840,12
735,14121 Hall Road,48315,1119644176,10
736,515 S Avenue,62901,7138162796,23
737,1220 E Main Street,61832,6665299046,3
738,1506 S. Us. Highway 169,64089,1572490090,13
739,56 S Flynn Rd,46391,4068205133,17
740,4024 Dutchman's Lane,40207,5577090278,36
741,10130 Indianapolis Blvd,46322,5026846639,4
742,151 Lincolnway,46383,7146865527,48
743,5030 Deerfield Blvd,45040,2046721850,41
744,905 Robert Raymond Drive,63367,4539180499,6
745,519 W Town Center Boulevard,61822,1660719105,12
746,2003 S Hastings Way,54720,9055466877,14
747,1099 East Eldorado,62521,5606688258,7
748,1707 S Neil Street,61820,8559728380,4
749,2182 S Perryville Road,61112,4202190237,4
750,521 W Main St,37356,4787736022,1
751,1851 E North Grand Avenue,62702,4629953104,43
752,650 N Main St 10w,84744,9776473611,37
753,1421 W South Jordan Parkway,84095,6175427271,37
754,1320 S Swaner Road,84104,5867769231,47
755,218 E Clifton St,54660,6922326598,17
756,1050 Hackett St,53511,2179669953,47
757,659 S Van Buren Road,27288,8018891160,48
758,202 Commonwealth Blvd W,24112,8730140769,1
759,1479 Belcher Rd S,33771,3325297374,29
760,1024 N Main St C,84074,2173571056,16
761,4623 Gulf Blvd,33706,9985576025,5
762,5081 J Turner Butler Blvd.,32216,3853468966,15
763,1533 S State Street,84115,6671135807,1
764,500 W 400 N,84010,6945998651,1
765,705 Merced Mall,95348,2198726603,1
766,7032 S Union Park Avenue,84047,2048189627,48
767,1735 E Skyline Dr Ste 1,84405,9020142368,8
768,6111 S State Street,84107,7286180966,4
769,36 S State Street,84111,4386521072,1
770,125 S Greeley Hwy,82007,7758149039,13
771,390 N State Road 198,84653,8043550789,7
772,1670 W 12th Street,84404,1563670632,4
773,140 S Rio Grande Street,84101,1057847196,17
774,1792 S 2000 W,84075,8537837498,43
775,23402 El Toro Rd,92630,3562945433,28
776,2001 N Euclid St,92835,5096534474,18
777,115 S Main Street,24343,6980956535,11
778,540 E Constance Road,23434,9334921495,25
779,2376 Red Cliffs Drive,84790,1534469072,23
780,3648 W S,84065,5277248526,19
781,301 3rd St,95901,6670501925,12
782,3812 W 5400 S,84129,9797702508,28
783,3197 S Redwood Rd Ste 1,84119,2680791521,3
784,640 S Main Street,84532,8020908579,1
785,3725 N Thanksgiving Way,84043,2572914973,40
786,4656 N Highway 7,71909,2573015960,20
787,226 N High St,74523,1912323732,37
788,1000 E 6th St,74447,3070620836,17
789,157 W 7200 S,84047,4840412910,4
790,7149 S Bingham Junction Boulevard,84047,4016653893,16
791,6000 Mobile Highway,32526,1081778644,14
792,357 E S,84020,5368570662,5
793,4245 Riverdale Road,84405,9975021517,20
794,4071 Davison Rd,48509,4544874938,4
795,100 Renaissance Center 248,48243,9096405411,1
796,195 W Center Street,84057,5980091439,4
797,452 N State Street,84057,8148699957,25
798,9205 E State Route 350,64133,3722703508,8
799,669 S Main Street,84032,2574779464,28
800,7569 Bridgetown Rd,45248,5481799787,37
801,895 W 200 N,84720,3357757450,47
802,4200 South Street,47905,9464549784,1
803,7810 S 1300 E,84094,7994408713,7
804,1863 W 5400 S Ste C,84129,1299262827,21
805,1500 N Willow Rd,47711,6744588870,4
806,1221 Honoapiilani Hwy Ste E3,96761,9157360600,43
807,5330 Main Street,22842,8210174846,47
808,7453 Valley Pike,22645,2697730429,1
809,495 Front St W,24230,5478757850,11
810,2137 Upton Drive,23454,8562332058,10
811,1300 Gaskins Road,23238,5144620645,44
812,2101 W Williams Ave,89406,9617818883,7
813,3801 Williamson Rd NW,24012,5625737878,9
814,2011 Colonial Ave SW,24015,2704001774,41
815,5007 Westone Plaza,20151,4089683523,16
816,2150A Tamiami Trl,33948,9532572902,8
817,9330 Atlee Road,23116,6641083796,12
818,66 Southpark Mall,23834,6985810527,47
819,250 Peppers Fry Rd NW,24073,9396831261,19
820,201 College Avenue,24060,5228063261,16
821,715 University City Boulevard,24060,4432407746,10
822,239 South St Ste A,22630,6688706743,41
823,807 John Marshall HWay,22630,5556666990,14
824,457 Charles H Dimmock Parkway,23834,9400387419,13
825,294 Southpark Circle,23834,2642703001,31
826,940 W Main St,34450,2052571773,11
827,944 Edwards Ferry Rd NE,20176,2218376288,40
828,2031 Coliseum Drive,23666,5461691112,19
829,1064 W Mercury Boulevard,23666,6493974428,31
830,2140 Coliseum Drive,23666,9631613145,5
831,100 Prosperity Ln Ste 101,22556,6882892144,32
832,6596 N Winton Way,95388,2695317090,3
833,7001 Winterpock Road,23832,2788886396,29
834,7220 Hancock Village Drive,23832,6332272469,25
835,302 Mission Ave,92054,7088076568,9
836,4701 Brad Mcneer Parkway,23112,6740178958,10
837,350 Effingham Street,23704,2641012746,42
838,1017 N Main Street,23434,6550272468,37
839,5755 Portsmouth Boulevard,23701,2872922096,13
840,2616 Airline Blvd Ste C,23701,7705289221,9
841,2700 Potomac Mills Cir Ste 413,22192,3406466254,21
842,1550 E Market Street,22801,3422880738,11
843,435 Prince George Street,23185,7399527575,31
844,4950 Monticello Avenue,23188,1563488119,9
845,1309 Shenandoah Road,22308,2811249183,9
846,417 Main St,95695,1047658887,30
847,3531 Truxel Rd,95834,5256528824,38
848,108 E Cross Ave,93274,2308960076,1
849,1107 Visalia Rd,93221,5162411074,4
850,1401 E Noble Ave,93292,4607259527,1
851,4513 Williamson Rd NW,24012,6371351663,12
852,4202 Electric Road,24018,7614774595,10
853,2522 Colonial Ave SW,24015,3962532463,40
854,381 S Airport Blvd,94080,6359905400,1
855,1412 Greenbrier Parkway,23320,7439808017,10
856,1025 Eden Way N,23320,9432148587,30
857,237 Battlefield Blvd S,23322,7300980492,32
858,3701 Malvern Avenue,71901,5531886342,13
859,3911 Wards Road,24502,4377901745,10
860,2204 S Cobb Dr SE,30080,1526181455,4
861,750 Independence Boulevard,23455,1294528249,16
862,1080 47th Street,23508,7720899147,48
863,3201 E Ocean View Avenue,23518,4129924953,8
864,1455 N Telegraph Rd,48161,4721848760,15
865,4500 N Oracle Rd Ste Fc05,85705,2097926350,19
866,7111 E Broadway Boulevard,85710,3953041234,34
867,200 Clinton Ave,48079,7218728269,7
868,937 W Main St,45371,1671015392,30
869,11 W Dayton Yellow Springs Rd,45324,2716995916,11
870,5218 Franklin St,46360,6361689712,41
871,4536 Elkhart Rd,46526,6248544670,10
872,5 Greenwood Ln,45066,9575247136,32
873,1155 Reading Road,45040,2028320459,6
874,319 Richwood Rd,41094,7932399928,6
875,876 Eastgate North Drive,45245,2194565652,10
876,5250 Shepherd Rd,62703,3407217045,3
877,510 West Jefferson St,62702,8745800640,7
878,6064 N Lindbergh Blvd,63042,1349660645,23
879,2994 N Water St,62526,9125976128,27
880,2780 Division Street,60416,1310649204,14
881,106 N Main St,31513,5259379060,1
882,1708 Philo Rd,61802,3888203188,7
883,3521 W Van Buren Street,85009,4504314821,7
884,5035 E Ray Road,85044,8935770960,5
885,6850 N 35th Avenue,85017,4374341100,15
886,3605 N State Road 19,46524,6677414946,3
887,1518 S State Road 37,46036,8056662064,4
888,207 W Eighth Street,46928,2115837108,3
889,1033 N Main Street,46120,4063750274,1
890,2415 Tarpon Bay Blvd Unit 5,34119,1077969974,10
891,9210 Rockville Rd Ste A,46234,6880765497,47
892,66 S Raceway Road,46231,2442546538,13
893,8501 Westfield Boulevard,46240,7916742673,25
894,9263 E Us Highway 36,46123,1478140255,16
895,7574 E Us Highway 36,46123,1929739138,17
896,7518 E Us Highway 36,46123,1427965056,14
897,1511 S Washington Street,47933,7495299444,6
898,8197 S Tamiami Trl,34231,9108147240,11
899,302 Racetrack Rd Nw,32547,1791603321,7
900,1846 N State Street,46140,1743851260,27
901,3295 Cobb Pkwy Nw,30101,4493085247,5
902,3951 Austell Rd,30106,5679514324,5
903,6215 Zebulon Rd,31210,8727274936,4
904,4465 Jonesboro Rd,30297,1444398549,4
905,2523 N 6th Street,47591,2635616151,6
906,6910 Highway 85,30274,4030987089,7
907,620 W 6th Street,47546,3013472879,3
908,6536 Us Highway 6,46368,7716608853,39
909,6040 Us Highway 6,46368,5015157778,16
910,6139 Us Highway 6,46368,3579295204,27
911,6150 Us Highway 6,46368,2811899538,19
912,124 E Northfield Dr Ste H,46112,2406937487,29
913,801 S Wayne Street,46703,3781462314,43
914,7930 E Us Highway 36,46123,5447004626,43
915,803 W 10th Street,46202,8195231871,36
916,5018 Cambridge Way,46168,8169658555,9
917,2663 E Main St Ste 400,46168,4991377025,20
918,170 S Perry Road,46168,3059658829,27
919,5971 Cambridge Way,46168,6855082325,20
920,7608 W Mockingbird Court,46126,4887281212,25
921,207 N Delaware Street,46204,7301713222,25
922,144 Us Highway 41,46375,9592946930,10
923,975 W Us Highway 30,46375,9211732251,31
924,2939 Terminal Dr CincinnatiNorthern International Airport,41048,8264221452,19
925,1801 E Markland Avenue,46901,5389983228,50
926,4405 Blue Ribbon Road,46203,2193784059,20
927,8812 Us 31 S Ste D,46227,1888170363,41
928,8950 Us 31 S,46227,5491057546,18
929,233 Pine Lake Avenue,46350,2350257025,27
930,325 N Calumet Road,46304,6527122037,31
931,356 Indian Boundary Road,46304,9011611814,20
932,567 Coleman Ave,95110,1597857013,19
933,1081 3rd Ave SW,46032,4726681977,43
934,505 W Main Street,46933,6301769541,16
935,2500 Conner Street,46060,4804763981,24
936,1827 E Ave J,93535,2510437802,14
937,104 W Anaheim St,90744,9798228326,21
938,701 W Pike Street,46526,5591506282,4
939,1303 College Avenue,46526,4065621122,32
940,2019 Lincolnway E,46526,7554018870,27
941,757 E Lewis And Clark Parkway,47129,6286455095,5
942,7723 Bardstown Road,40291,9369177125,9
943,9528 E 126th Street,46038,4959499623,46
944,3490 Lake Tahoe Blvd,96150,4823784612,46
945,8235 E 116th St Ste 201,46038,7690129296,12
946,8010 E 109th Avenue,46307,8128135684,32
947,1318 N Main Street,46307,7049402923,8
948,1800 E Summit Street,46307,2151523257,27
949,1089 N Lemoore Ave,93245,9005318535,1
950,1900 Plaza Drive,46580,8233463001,17
951,1124 S Vista Ave,83705,6186877319,18
952,148 Caldwell Blvd,83651,8744355555,1
953,3826 South Street,47905,7584331949,5
954,200 W State Street,47906,3724777937,12
955,134 W State Street,47906,9595168231,23
956,208 South Street,47906,1864160744,16
957,2415 Sagamore Pkwy W,47906,1869370826,19
958,5941 E 86th Street,46250,2753056238,9
959,8105 Merrillville Road,46410,9423230418,6
960,5800 W Ridge Road,46408,6170771065,37
961,1434 E 10th Street,47130,3596718103,7
962,3301 N 27th St,68521,8980906032,36
963,5155 Center St,68106,4990036203,7
964,110 W 56th St,68847,7900595032,7
965,225 S 23rd St,68048,5610995349,7
966,4001 E Bristol Street,46514,9954286182,16
967,1839 Cassopolis Street,46514,2954960466,30
968,1307 Washington St,68008,2005869589,29
969,3615 S Reed Road,46902,7498384506,33
970,8510 Bowman Dr,68526,4577914417,32
971,1500 E Morgan Street,46901,7351974957,24
972,1850 Mcculloch Blvd N Ste B5,86403,3371559321,32
973,884 Us Highway 31 N,46142,3850695538,39
974,2140 Us Highway 31 S,46143,4290757380,15
975,1011 N State Road 135,46142,8268703135,44
976,320 S State Road 135,46142,1153703912,27
977,11801 Shawnee Mission Pkwy,66203,7449840679,1
978,1645 S Webb Rd,67207,3195856336,1
979,16210 W 65th St,66217,6246856837,1
980,301 W Madison Ave,66749,3302137142,13
981,2214 S Princeton Circle Dr,66067,3080087912,1
982,1100 N 3rd St,66044,1089273742,7
983,2130 45th Street,46322,9987214082,20
984,3950 Ridge Road,46322,8437668476,27
985,3401 Us41 8 Vigo County,47802,3693652248,41
986,2025 W Jonathan Moore Pike,47201,7217618143,44
987,1250 N National Road,47201,1836334638,5
988,7815 Us 31 S,46227,7015088154,8
989,1770 25th Street,47201,9140465128,36
990,2613 Charlestown Road,47150,7115564689,12
991,2102 Franklin Street,46360,1954513505,36
992,3936 Franklin Street,46360,7544460396,4
993,500 Spring Valley Dr Unit 8,46540,1669354422,11
994,1607 Elkhart Road,46526,5852691519,11
995,103 Concord Mall Drive,46517,8954284209,11
996,1654 Cassopolis Street,46514,4319673821,11
997,1330 S Nappanee St Suite A,46516,7722819340,11
998,3303 Lincolnway E,46544,9908940802,16
999,324 Lincolnway W,46544,6217386141,11
1000,2515 S Huron Ave,48631,9230349082,1
1001,10280 Red Arrow Hwy,49106,2177333823,1
1002,1579 E 79th Avenue,46410,1438741485,27
1003,2282 Southlake Mall,46410,5632983661,19
1004,2288 Southlake Mall,46410,4877297690,32
1005,12425 Dix Road,48195,1931369718,14
1006,20815 Gibraltar Rd,48183,4593852445,1
1007,501 S Scatterfield Road,46012,8161483068,31
1008,2612 Dodge St,52003,1095064536,3
1009,4815 Southwest 9th Street,50315,4446943120,14
1010,105 US Highway 75,66436,7203127824,4
1011,211 N Walnut Street,47404,3437482825,30
1012,3815 E 96th Street,46240,8306377680,43
1013,410 Massachusetts Avenue,46204,9332189062,25
1014,2222 W Southport Road,46217,1301025485,8
1015,10701 Roe Avenue,66211,8491338379,13
1016,18685 W 151st St,66062,5222831583,27
1017,8512 E Washington Street,46219,3193080976,36
1018,5211 W 10th Street,46224,8169866069,9
1019,5959 N State Road 101,46797,6537077386,1
1020,1355 S Main Street,43506,5665876783,13
1021,4402 Montgomery Rd,45212,1418778515,36
1022,614 Corwin Nixon Blvd,45065,9353743500,50
1023,7729 Center Blvd SE,98065,8692670556,29
1024,1211 N Dupont Hwy,19901,7701445022,43
1025,1 Wormans Mill Ct Ste 2,21701,6020569571,31
1026,213 Pine Lake Ave,46350,5881661101,14
1027,10575 N Michigan Rd,46032,5196145234,14
1028,1080 E Main St,46112,1985188780,11
1029,1010 N State St,46140,2416566593,11
1030,7620 S Meridian St,46217,9110150551,11
1031,2624 Lake Circle Dr,46268,8210459961,23
1032,1120 N Main St,46307,4502774820,14
1033,2005 Morthland Dr,46383,6430943637,14
1034,12177 N Executive Dr,46124,3671929478,3
1035,1904 S Scatterfield Rd,46016,9343644745,3
1036,3070 Cedartown Hwy SW,30161,1144831834,3
1037,3232 Tamiami Trl,33952,7032384057,1
1038,11351 N. Williams Street,34431,8981159862,13
1039,6855 SE Maricamp Rd,34472,4418523752,3
1040,5000 South State Rd 7,33314,6979478114,7
1041,4017 Manatee Ave W,34205,2032416231,39
1042,8128 S Orange Blossom Trl,32809,9297069253,11
1043,775 East 9th St,33010,3892852188,7
1044,8295 Northwest 27th Ave,33147,6585820463,6
1045,15295 S Dixie Hwy,33157,4243973610,4
1046,23072 US-19 N,33765,4293584976,6
1047,2036 N Dale Mabry Hwy,33607,4723294021,6
1048,1250 W Bay Dr,33770,6169310233,1
1049,370 Suzanne Dr,34607,4832596318,17
1050,3900 E Indiantown Rd Ste 605,33477,4613645163,17
1051,13742 Sw 56th St,33175,6529029856,9
1052,4302 N Armenia Ave,33607,4558976559,14
1053,721 Lakeview Rd,33756,7928830258,40
1054,8486 N Carl G Rose Hwy,34442,8582181625,3
1055,9481 S Suncoast Blvd,34446,4968226583,3
1056,2105 Oakshire Ln,81001,7391924994,21
1057,1001 S Missouri Ave,33756,3527216526,16
1058,11775 Seminole Blvd,33778,6076758433,9
1059,1720 Cortez Rd W,34207,4414354964,48
1060,2389 Se Ocean Blvd,34996,3269877189,21
1061,1420 S Wells Ave,89502,6211152418,16
1062,1426 Bickford Avenue,98290,1894246576,7
1063,3146 Akahi St,96766,9825547211,31
1064,2500 Kalakaua Ave Ste A,96815,2123077936,31
1065,1990 N. Imperial Ave.,92243,9246191312,4
1066,1388 East Ave,95973,1594453343,1
1067,5884 Monterey Rd,95020,8666458886,14
1068,3016 78th Ave SE,98040,9102706400,40
1069,3009 Peleke St,96766,9176633555,31
1070,505 Kalihi St,96819,2531007569,25
1071,4227 Atlantic Ave,90807,9589828989,43
1072,950 W Floral Dr,91754,2807990502,1
1073,504 Barnes Blvd,98438,9910860048,48
1074,1749 S Burlington Boulevard,98233,5348758480,10
1075,4915 N Pearl Street,98407,5254165956,21
1076,5117 Point Fosdick Dr NW,98335,9221001252,36
1077,6701 Tyee Dr NW,98332,2403771038,9
1078,4395 Elvis Presley Blvd,38116,7695438807,8
1079,5280 41st Division Dr S,98433,1081100640,21
1080,1110 Galaxy Dr NE Ste G,98516,8092322294,39
1081,1401 Marvin Rd NE Ste 102,98516,7626926049,36
1082,3001 SE Mile Hill Dr Ste 140,98366,6134663344,3
1083,3965 Bethel Rd SE,98366,7252870924,8
1084,1401 Broadway,98201,7939803375,30
1085,8822 34th Ave NE,98271,4058265934,29
1086,1611 SE Everett Mall Way,98208,9459281155,21
1087,2702 Broadway,98201,1063188828,36
1088,3802 116th St NE,98271,1058223554,13
1089,9720 State Avenue,98270,5971794110,1
1090,2560 152nd Ave NE Ste C,98052,5225538401,11
1091,11257 Roger Bacon Dr,20190,1305643060,4
1092,614 S 1st Street,98273,8494407338,21
1093,1428 Capital Avenue NE,49017,6100515148,6
1094,8225 Steilacoom Blvd SW,98498,5736409121,29
1095,7714 Custer Rd W,98499,1736251995,21
1096,126 S Old Woodward Ave,48009,9405198765,3
1097,910 N Opdyke Rd,48326,6424157759,7
1098,3658 Kimball Ave,50702,7802145035,1
1099,930 N Stratford Road,98837,4769424206,48
1100,115 W University Way,98926,1786881104,18
1101,409 S Main St Ste 2,98926,7026304323,47
1102,710 N Anderson Street,98926,5076565861,12
1103,1814 Woodman Dr,45420,1889712163,3
1104,2600 NW Randall Way,98383,2050661221,48
1105,9001 Pacific Ave NW,98383,5197473615,16
1106,7144 Wilmington Pike,45459,7118754740,20
1107,817 Harrison Avenue,98531,2608707562,6
1108,1123 Chicago Dr Sw,49509,5828869823,4
1109,605 West 92 Highway,64060,5460063636,7
1110,1050 E M 21,48867,7296234021,14
1111,3015 Washtenaw Rd,48197,3258227561,15
1112,487 Pendleton Rd,40055,1821163643,1
1113,3276 NW Plaza Rd Ste 114,98383,4101710143,20
1114,203 W Pike St,46526,4709072673,11
1115,1900 W Nickerson Street,98119,3206505131,25
1116,2709 South Main Street,46517,6047032723,14
1117,316 Huron St,46528,2063552903,17
1118,368 E Makaala St,96720,2489946353,19
1119,3102 E Empire Street,61704,1431622822,1
1120,1260 Palouse Albion Road,99163,2330237164,40
1121,905 E Main Street,99163,7233072464,9
1122,108 S Oregon Avenue,99301,6133979864,30
1123,2731 Queensgate Drive,99352,2489468850,21
1124,1725 SE Meadowbrook Boulevard,99324,1957705546,38
1125,1308 N Milwaukee Ave,60048,6481329788,4
1126,226 Sibley Blvd,60419,3841549033,1
1127,261 Rainier Ave S,98057,4147577009,11
1128,311 Sunset Blvd N,98057,3864350467,7
1129,9950 W Roosevelt Road,60154,7148155448,14
1130,5117 196th St SW,98036,2864083793,6
1131,3000 184th St SW Ste 850,98037,9047762075,9
1132,1210 N Wenatchee Avenue,98801,3943819751,29
1133,230 Grant Rd Ste C2,98802,2369744253,8
1134,28 Airport Square,19454,6492542365,6
1135,1409 N Argonne Road,99212,9938856807,47
1136,219 Oak St Se,55414,7933825556,23
1137,649 N Dupont Blvd,19963,5119625276,14
1138,18757 U.s. Highway 13,19933,8072027266,13
1139,1401 Gray Hwy,31211,4945349873,1
1140,1101 Outlet Collection Dr SW Ste 1041,98001,4638316097,9
1141,920 15th St SW,98001,4013582298,37
1142,1116 Outlet Collection Dr SW,98001,4735044569,19
1143,1002 Auburn Way N,98002,2807148824,14
1144,1016 Outlet Collection Way SW,98001,6462365741,30
1145,207 N Rum River Dr,55371,9982575661,17
1146,1428 156th Ave NE,98007,8589506667,8
1147,4549 University Way NE,98105,5907269787,8
1148,2255 140th Ave NE Ste B,98005,1236263514,30
1149,3811 9th St SW,98373,1231358205,31
1150,205 1st Ave S,98104,9675814583,31
1151,84th Ave S,98032,5387338346,32
1152,3609 Plaza Way,99338,2123142870,47
1153,6515 W Clearwater Ave Ste 214,99336,2648901970,48
1154,131 N Ely Street,99336,8953785529,29
1155,2 E 1st Avenue,99336,6489623909,20
1156,409 Mandalay Ave,33767,2283670244,3
1157,112 Jefferson St NE,98501,5641319409,12
1158,1420 Harrison Ave NW,98502,6239152196,47
1159,205 Kenyon St NW,98502,5171464603,11
1160,1801 S 1st Street,98903,6962274683,12
1161,7909 Evergreen Way,98203,2132289966,40
1162,419 Denny Way,98109,5569529704,31
1163,2234 2nd Avenue,98121,8894136811,32
1164,115 Broadway E,98102,6164395603,8
1165,233 Mount Hermon Rd,95066,2364875002,4
1166,4721 California Ave SW,98116,1520518898,8
1167,431 Ojai Rd Ste D,93060,7144546361,31
1168,2850 South Bristol St,92704,5005391570,7
1169,4710 Meridian Ave,95118,6538297150,40
1170,5670 Thornton Ave,94560,5983629258,28
1171,1426 S Lincoln Street,99203,1107352908,31
1172,6429 N Division Street,99208,5343624361,8
1173,208 Bridge St,95991,1934376934,21
1174,2911 E 57th Avenue,99223,7850601163,20
1175,2718 E 57th Ave Ste 100,99223,9334307134,8
1176,1235 S Grand Boulevard,99202,8817873289,8
1177,214 N Howard Street,99201,5602454206,21
1178,801 N Monroe Street,99201,3559890135,47
1179,421 S Cowley Street,99202,1357529496,43
1180,1019 North Lemoore Avenue,93245,5219876445,14
1181,310 NE 78th Street,98665,1155184874,8
1182,8700 NE Vancouver Mall Drive,98662,4863423613,29
1183,345 Bayshore Blvd,94124,8205695581,1
1184,2440 E Indian School Rd,85016,2796481177,4
1185,1929 N Power Road,85205,1294843505,37
1186,2757 E Main Street,85213,7391481388,14
1187,107 N Main Street,54974,1632918530,3
1188,2215 Port Sheldon Street,49428,3950599357,6
1189,2450 E Mason Street,54302,4694248235,43
1190,32704 Grand River Ave,48336,4799248135,7
1191,201 Crooks Road,48017,5989601346,43
1192,501 N Westhill Boulevard,54914,1286915542,36
1193,1196 Westowne Drive,54956,5932458719,31
1194,13514 South Alden Street,66062,6635859438,6
1195,810 N Main St,84321,2396192611,1
1196,2607 Nichol Ave,46011,1298948965,11
1197,3020 E 3rd St College Mall pad,47401,6303284956,5
1198,1706 Elkhart Rd,46526,5157385059,1
1199,14 Martha Layne Collins Blvd.,41076,7501485584,4
1200,7711 Beechmont Avenue,45255,6769550107,10
1201,405 East Kemper Road,45246,5371997694,10
1202,2643 New Pinery Road,53901,7663907105,23
1203,7875 W 10th St,46214,5698042483,46
1204,4979 W Smith Valley Rd,46142,9027761755,30
1205,410 Massachusetts Ave,46204,9638187765,25
1206,4125 S Howell Avenue,53207,2913669592,20
1207,247 Piikea Ave Ste 101,96753,6945886817,3
1208,3114 Monsarrat Ave,96815,9681481511,40
1209,8759 US Highway 51 N,54548,1446301488,3
1210,1110 Washington Square,63090,7219194200,1
1211,12303 W 75th Street,53142,8381821086,14
1212,271 S Main Street,54929,8165144165,46
1213,1242 E Green Bay Street,54166,9930493170,7
1214,1910 West Springfield,61821,9245297452,4
1215,1960 Whitesville Rd,30240,4403284655,3
1216,1107 North 3rd Avenue,30705,9466365093,15
1217,31 Meadowview Drive,53913,4810056607,29
1218,2115 E 2nd Street,54880,1051128567,1
1219,3705 Tower Avenue,54880,8906271909,3
1220,6900 Gulf Blvd,33706,5357153104,36
1221,4145 49th St N,33709,8689608394,1
1222,3704 N Roosevelt Blvd,33040,2448900960,1
1223,4890 N Kings Hwy,34951,3003466625,3
1224,820 39th St,80620,3821875078,30
1225,1731 G St Ste A,95521,5118350166,3
1226,147 N Pioneer Road,54935,7768988268,14
1227,424 N Bridge Street,54729,3464643263,23
1228,95 N Moorland Road,53005,9543973390,36
1229,1051 Airway Blvd,94551,2472900046,6
1230,1541 Sycamore Avenue,94547,8825437010,4
1231,1330 W Grand Avenue,54495,7291058512,12
1232,510 W Murdock Avenue,54901,8837526712,41
1233,1405 N Azusa Ave,91722,9109429783,41
1234,4150 Geary Boulevard,94118,5125734220,4
1235,2643 Eastern Avenue,53073,9390962500,29
1236,1635 Indiana Avenue,53081,7997291810,8
1237,2425 S Business Drive,53081,9892072702,1
1238,6309 Mckee Rd Ste 700,53719,4298884387,29
1239,2601 W Court Street,53548,7170676221,3
1240,24986 3rd St,92410,2582138338,37
1241,12862 Central Avenue,91710,1695442524,14
1242,1351 N State St,95482,5185299448,34
1243,790 Main St,95228,3060209866,25
1244,1725 Eastlake Pkwy,91915,2856053382,34
1245,121 N Garfield Ave,90640,1599915355,47
1246,3212 S White Rd,95148,6163452693,40
1247,2900 Standiford Ave Ste 13,95350,8976454944,25
1248,19700 Germantown Rd,20874,5502119866,7
1249,11025 Mall Circle,20603,4856446114,1
1250,121 Maple Ave,20132,6966086512,1
1251,2837 S 108th Street,53227,5665009224,48
1252,3038 Colby Street,49461,5089603086,1
1253,1746 E Apple Ave,49442,7854184167,15
1254,673 Capital Ave SW,49015,8347715694,7
1255,1304 Fayette Pike W,25136,7381010636,17
1256,50 Edgewood Avenue,26261,2071713305,17
1257,5260 Salem Ave,45426,6697139769,3
1258,1644 Cold Run Valley Road,25411,8173192959,31
1259,224 W Main Street,21750,3253071562,31
1260,1839 Cassopolis St,46514,8568574882,29
1261,2211 S Main Street,24060,1709678913,41
1262,5816 Wooster Pike,45227,8677962626,29
1263,8375 Winton Rd,45231,3048238402,46
1264,8481 Winton Rd,45231,8172989290,48
1265,1530 Olmstead Dr,46368,4500908116,3
1266,450 Stewart Lane,26059,2896456952,3
1267,2001 E Greyhound Pass Ste 8,46033,1740243966,3
1268,4537 N Shadeland Ave,46226,2135903537,11
1269,434 N Mount Zion Rd,46052,4091365825,3
1270,6255 E 82nd St,46250,3026089004,11
1271,2509 Albany St,46107,5295653992,11
1272,127 E Norris Dr,61350,7011148365,1
1273,11 W 2nd Avenue,25661,7771960131,25
1274,4241 N Prospect St,62526,3498607404,7
1275,405 W Tomichi Ave Unit 1,81230,1445310134,31
1276,645 N McClurg Ct,60611,6074180847,1
1277,2004 Electric Road,24018,1113730424,12
1278,373 Timberline Parkway,26105,5666988447,41
1279,2710 Grand Central Avenue,26105,9212728854,24
1280,716 Adams Ave,19124,8062314712,14
1281,201 Russell Parkway,31088,2396881028,7
1282,264 Shorter Ave Nw,30165,2270425034,20
1283,10 Indian River Boulevard,32141,8368955621,5
1284,2411 W US Highway 90,32055,7227781145,4
1285,356 E Main Street,45769,7999152964,25
1286,2200 NW 36th St,33142,4821933956,1
1287,5995 W 24th Ave,33016,8993275639,1
1288,2490 W 60th St,33016,8407578819,29
1289,650 150th Avenue,33708,4548388713,1
1290,5170 Park Blvd,33781,5603532682,29
1291,4752 Colonial Blvd,33966,5361529611,5
1292,6890 Mesa Ridge Pkwy,80817,3274587722,30
1293,1880 Coronado Ave,92154,2731929838,18
1294,170 N State Route 2,26155,1773151950,3
1295,142 County Road 403,45669,7801278994,3
1296,5180 Stevens Creek Blvd,95129,8270694283,19
1297,1001 Warrior Way,25015,4974361774,3
1298,1605 Kanawha Blvd W,25387,3524736873,3
1299,166 Summers Street,25301,6527009092,3
1300,4376 W Sunset Blvd,90029,3663181733,38
1301,4121 Maccorkle Ave SW,25309,5204614112,16
1302,413 State Route 34,25526,2145229197,4
1303,3500 Maccorkle Ave SE,25304,6994824489,4
1304,13547 Telegraph Rd,90605,9874280043,20
1305,2674 Mount Vernon Avenue,93305,6520154853,14
1306,112 R H L Boulevard,25309,4905457975,43
1307,333 Monte Vista Drive,93618,4177865747,14
1308,920 N Main St,95336,7987653869,11
1309,612 W Lodi Ave,95240,1207186849,3
1310,2308 Cleveland Avenue,25177,1778153874,31
1311,5730 Maccorkle Ave SE,25304,2032300183,11
1312,6951 Ohio River Road,25537,1122114079,8
1313,1335 Hal Greer Boulevard,25701,7321415778,8
1314,4384 Us Route 60,25705,7122859246,43
1315,577 N Germantown Parkway,38018,3317791490,20
1316,2884 Hickory Hill Rd,38115,3636830990,7
1317,1223 Missouri Street,72301,1817106149,6
1318,2407 S Olive Street,71601,5245528826,13
1319,3436 Us Route 60 E,25504,6637789427,3
1320,5400 Midland Blvd,72904,6298592222,32
1321,8069 E 32nd St,85365,7589142087,38
1322,1001 Morgantown Avenue,26554,1711793532,16
1323,9557 Bill Arp Road,30135,1338160393,33
1324,1861 E Parks Hwy,99654,7059289096,3
1325,851 E Parks Hwy,99654,3374879009,11
1326,525 Emily Drive,26301,5165572191,15
1327,3692 Robert C Byrd Drive,25801,5587941900,15
1328,1001 West Washington,49855,2843274890,14
1329,1260 W Michigan Ave,49068,8458202453,1
1330,4200 W Dickman Rd,49037,3050406678,3
1331,205 S Viking Way,25401,2566909995,11
1332,1198 Walton Blvd,48307,8368438956,12
1333,5100 Buckeystown Pike,21704,4369114017,32
1334,28670 Northwestern Hwy,48034,8676790551,1
1335,211 Warwood Avenue,26003,3883530261,1
1336,1125 University Avenue,26505,4735693528,40
1337,450 E Main Street,26330,4200073826,32
1338,37 Grande Meadows Drive,26330,9866551948,7
1339,207 Willey Street,26505,2802583470,10
1340,224 S Main St,46347,4236429763,3
1341,213 E Vistula St,46507,3604093618,3
1342,3000 Charleston Town Center,25389,2755038204,10
1343,501 W Main St,46923,2085933008,1
1344,209 Grand Valley Blvd,46151,6185794528,6
1345,1085 N Green St,46112,8854598066,2
1346,701 Anderson St,29627,3835007952,3
1347,5131 Hinkleville Road,42001,6528071721,33
1348,2501 North Vermillon,61832,1560256946,6
1349,300 Gihon Village,26101,2779327375,4
1350,10706 Sunset Hills Plz,63127,3244856139,5
1351,508 E Cass St,60432,4664842729,1
1352,719 Fairmont Ave Ste 201,26554,3428202966,3
1353,3140 Belvidere Rd,60085,4265224174,7
1354,440 West Lake St,60101,3039325221,7
1355,215 N Federal Boulevard,82501,7970179989,11
1356,6159 Us Highway 6,46368,2589963982,11
1357,769 Bethlehem Pike,18936,4154389674,4
1358,106 N 3rd Street,82930,9103086524,20
1359,3116 Washington Road,30909,3890518264,37
1360,1301 Cleveland Hwy,30721,3419099469,24
1361,2201 South University,33324,5103575390,7
1362,13238 N Dale Mabry Hwy,33618,3849860906,43
1363,29835 Us Highway 19 N,33761,3202889760,32
1364,10921 Bloomingdale Ave,33578,1634485433,6
1365,265 5th Ave N,32250,2251986245,7
1366,1526 Kings Road,32209,6261469796,30
1367,1227 E. Magnolia,80524,7611775885,4
1368,902 Swede Gulch Rd,80439,5609817441,9
1369,1253 N 3rd Street,82072,8838084546,40
1370,5175 Mae Anne Ave,89523,7819703646,14
1371,218 D St,95501,4060124207,43
1372,750 Academy Dr,35022,6252985090,3
1373,901 Woodward Ave,35661,2837389124,3
1374,7022 Atlanta Hwy,36117,1566819483,3
1375,6290 University Dr Nw Ste B,35806,8820612238,29
1376,720 S Memorial Dr,36067,5412542220,1
1377,1913 Cobbs Ford Rd,36066,4478998722,14
1378,202 Hamric Dr E,36203,2254454012,11
1379,4412 Montgomery Hwy,36303,4673673403,11
1380,4530 Rice Mine Rd Ne,35406,8978110080,41
1381,1912 Ross Clark Cir,36301,4376294637,11
1382,544 N Main Street,82801,7904161547,17
1383,720 2nd Ave E,35121,3352602548,11
1384,2201 7th Ave N,35125,9691044563,11
1385,3021 Tyler Dr,35476,3475706716,44
1386,806 Main St Ne,35077,7301924281,11
1387,27765 US Highway 98,36526,3995742786,14
1388,1267 Enterprise Way Nw,35806,8371106785,8
1389,3006 20th Ave,36854,2162511729,14
1390,955 Airport Dr,35010,2556111321,14
1391,1101 Lurleen B Wallace Blvd S,35401,7308606299,14
1392,583 Brookwood Vlg,35209,6627066306,45
1393,177 Campbellton Hwy,36301,4698714312,9
1394,101 15th St,35401,8607422237,44
1395,3382 Murphy Canyon Rd,92123,7907705339,41
1396,109 Via Pico Plz,92672,3168778749,38
1397,802 S Seneca Avenue,82701,6141338939,21
1398,1125 S Bascom Ave,95128,8868398140,41
1399,6217 Santa Teresa Blvd,95119,3372857598,8
1400,520 S Hwy 89,83001,6572315567,9
1401,2980 E. Workman Avenue,91791,5720801144,28
1402,2801 West Olympic Boulevard,90006,9575904724,14
1403,8855 Rosecrans Ave,90242,6492513148,1
1404,82 Uinta Drive,82935,4482674474,4
1405,205 Trask St,93314,1234926917,18
1406,2310 F St,93301,7446629372,1
1407,1023 2nd St,95814,7986781983,8
1408,451 W Coulter Avenue,82435,7044108577,46
1409,1003 W Main,72023,5379185296,14
1410,1616 N Park Drive,86047,4216474038,1
1411,612 E Redlands Blvd,92374,4469720912,1
1412,2607 Cy Avenue,82604,8147657017,15
1413,2380 W US Hwy 89A,86336,6257698913,1
1414,352 E Brown Rd,85201,9885095855,4
1415,1000 Johnson Ferry Rd NE,30342,2846078444,1
1416,3748 Lorna Rd,35216,7263258074,11
1417,5001 Skyland Blvd E,35405,9629462529,37
1418,1400 McFarland Blvd E,35405,4267218826,37
1419,2725 Florence Blvd,35630,9827814479,21
1420,3300 Leonardtown Rd,20601,5450511087,1
1421,5160 State Highway 180,36542,6076004439,9
1422,27500 Perdido Beach Blvd,36561,3688990400,16
1423,800 N Grand Canyon Boulevard,86046,4231274571,14
1424,1800 Mcfarland Blvd E Ste 608,35404,8124339836,37
1425,619 Mcfarland Blvd,35476,5518380320,41
1426,320 Eastern Shore Shopping Ctr,36532,9735596370,25
1427,7450 Airport Blvd Ste D,36608,2767527975,32
1428,2312 N Brindlee Mountain Pkwy,35016,6432050999,36
1429,32 Village Ln,36278,8985402164,43
1430,899 Florence Blvd,35630,3867208081,31
1431,485 Highway 72 W,35674,9348479960,29
1432,1008 S 4th St,35901,1902116099,5
1433,4606 Highway 280,35242,6219714310,8
1434,5650 Gull Rd.,49048,9834038783,14
1435,1023 N West Ave,49202,8356978889,7
1436,1000 S Eufaula Ave,36027,1603085912,41
1437,8045 Stemley Bridge Rd,35160,7707041982,16
1438,7700 W Arrowhead Towne Center,85308,4738368220,19
1439,401 E Jefferson Street,85004,5800822402,19
1440,240 South Locust Street,52001,5151061118,4
1441,420 Rhomberg,52001,9279109328,24
1442,4404 Merle Hay Rd,50310,6866732823,12
1443,4440 Sergeant Road,51106,3091249561,24
1444,201 SE 29th St,66605,7006929497,42
1445,360 North Broad Street,45324,2829968914,4
1446,3160 15th St,35401,2266696613,13
1447,305 Lighthouse Pl,46360,5852302506,41
1448,328 E 4th St,45202,7909632463,30
1449,6724 Dixie Highway,41042,3991545471,4
1450,8420 Winton Road,45231,7643614457,10
1451,7444 Kennedy Ave,46323,4284666829,12
1452,55 W South St,46225,8942507680,50
1453,105 Sheek Rd,46143,2701145490,50
1454,3359 W Morris St,46241,2708861048,48
1455,9650 Allisonville Rd,46250,5439054138,20
1456,5509 Bendt Dr Ste 103,57702,8912355143,25
1457,1390 E Ash St,85501,8868002942,18
1458,336 Kamehameha Ave,96720,2990457443,41
1459,2625 Columbus St,61350,5767806332,24
1460,3480 Lincoln Highway,19372,3818326669,6
1461,133 S 69th St,19082,3249163071,1
1462,500 Broad St Suite 4,19426,4389910980,47
1463,301 W 15th Street,51103,6277906265,6
1464,1409 Shorter Ave,30165,8214390064,17
1465,1801 Memorial Drive,31501,5308378296,4
1466,12801 W Sunrise Blvd Inside Sawgrass Mall Food Court,33323,8474844313,7
1467,4299 W Commercial Blvd,33319,3188472760,31
1468,1808 Tamiami Trail,33948,2767276677,10
1469,1224 E 57th Street,57108,4697660546,43
1470,501 N Splitrock Boulevard,57005,1518807720,15
1471,30130 S Dixie Hwy,33033,9850856596,6
1472,9211 US 19 North,34668,2593477511,4
1473,10771 Gulf Blvd,33706,7515214270,1
1474,12524 San Jose Blvd,32223,4883813359,6
1475,104 N Commonwealth Ave Ste 2,33868,5879560465,36
1476,208 Pine Street,57717,5983194608,30
1477,2882 Dickson Dr,57785,4518270934,15
1478,9825 W 58th Ave,80002,3423963175,1
1479,599 West 104th Ave,80234,4947801164,1
1480,404 W 4th Street,57078,8719538047,7
1481,707 E Cherry Street,57069,4571650402,7
1482,853 E Cherry Street,57069,4020779567,23
1483,1025 Cabela Drive,57301,2907090468,24
1484,3923 E Thomas Rd,85018,7884742586,19
1485,937 5th St SE,57201,3405545679,24
1486,2401 Fulkerth Rd,95380,8592491777,38
1487,5885 Santa Teresa Blvd,95123,2226554319,29
1488,40708 Grimmer Blvd,94538,4982523199,1
1489,1934 Davis St,94577,3649219199,7
1490,1201 E Valley,91801,6575919255,6
1491,1911 Saint Michaels Dr Ste B,87505,8292834112,3
1492,3400 Nm 528 NW,87114,4617356505,36
1493,1990 Ladera Dr NW,87120,1926637713,7
1494,9380 Coors Blvd NW,87114,6984378497,7
1495,1566 Howe Ave,95825,1403916210,30
1496,7870 N Mesa Street,79932,7203070631,21
1497,871 Germantown Pkwy,38018,7057993133,4
1498,207 N Bay Dr,72411,8262264331,41
1499,7911 Artcraft Road,79932,3018719923,18
1500,2001 Mountain Pass Boulevard,79821,5671936718,28
1501,9026 Archibald Ave,91730,9370318985,43
1502,202 Main St NE,35077,6977796439,36
1503,101 River Pointe Pkwy,30114,6096360136,6
1504,611 Martin St N,35125,6211987802,4
1505,433 Huffman Rd,35215,5873100411,3
1506,1609 Montgomery Hwy,35216,5412479196,5
1507,102 W Avenue D,88260,2743549694,13
1508,24 State Road 344,87015,1099050040,41
1509,1446 W Santa Fe Avenue,87020,3641435283,13
1510,8130 Gratiot Road,48609,2854746005,14
1511,1608 E Spruce St Ste 750,88130,5185140398,3
1512,16177 West Road,48183,2179365614,14
1513,29317 Joy Road,48185,1998084236,6
1514,305 Long Hollow Pike,37072,9232200805,21
1515,919 Conference Dr Ste 2,37072,8624077775,30
1516,5159 Murfreesboro Road,37086,9278709108,36
1517,3001 Singing Hills Blvd,51106,8745024556,14
1518,6108 Lomas Blvd NE,87110,5647048889,42
1519,1543 Main St SW,87031,1752116824,13
1520,1689 W Dorothy Ln,45439,1717798449,3
1521,5652 Springboro Pike,45449,7778043947,3
1522,4200 Independence Avenue,64124,8551663417,13
1523,306 E 12th Street,88061,7295783617,48
1524,895 S Main St,84321,3047078898,6
1525,501 S Scatterfield Rd,46012,9498218174,48
1526,762 Second St,47546,4703457916,24
1527,55 Cities Of Gold Road,87506,2895272259,1
1528,1702 N Riverside Drive,87532,5020622597,41
1529,501 E Kemper Rd,45246,7459771183,5
1530,501 S Telshor Boulevard,88011,7402656759,18
1531,2709 Boniface Pkwy,99504,3991988451,16
1532,3715 Lemay Ferry Road,63125,1625512255,4
1533,760 Carlyle Ave,62221,1724219893,4
1534,1 Arnold Mall,63010,4607409938,5
1535,2422 W Passyunk Avenue,19145,3312679669,14
1536,4001 N 5th St,19140,9465864551,14
1537,1203 San Juan Boulevard,87401,4330534144,13
1538,624 W Bender Boulevard,88240,6277832156,48
1539,1369 E Oglethorpe Hwy,31320,6423746711,1
1540,5441 Bowman Rd,31210,3762382564,7
1541,227 Broad St,30161,9044587007,8
1542,461 Roundtree Dr SW,39842,6592386305,11
1543,101 S Cedar Avenue,37380,4026899718,3
1544,1940 94th Court,32966,9823313117,33
1545,401 S Mount Juliet Rd Ste 105,37122,6075749208,5
1546,5006 Crossings Circle,37122,8236299343,33
1547,2560 Anderson Avenue,38012,3337900272,14
1548,6526 Highway 48 N,37051,5783148324,3
1549,120 Highway 641 N,38320,4549138288,6
1550,414 Highway 52 Byp W,37083,7177729279,1
1551,319 Broadway,37074,3709203709,13
1552,5175 S Conway Rd,32812,2988635612,1
1553,10691 SW 40th St,33165,5214963913,11
1554,2437 Sw 17th Ave,33145,8065707006,8
1555,17084 Collins Ave,33160,4626022142,30
1556,8001 NW 95th Street,33016,6220603106,14
1557,155 W Us Highway 72 A,38017,9685476026,45
1558,4308 Sterling Commerce Drive,33566,1223126047,6
1559,308 New Byhalia Rd Ste 100,38017,4169844138,30
1560,731 W Poplar Avenue,38017,4973054123,14
1561,746 W Poplar Avenue,38017,3908799316,20
1562,1800 Galleria Blvd Ste 3030,37067,3403833873,21
1563,260 Linton Blvd,33444,1138825643,6
1564,865 N Federal Hwy,33432,1454074100,6
1565,4361 Okeechobee Blvd,33409,7493992998,4
1566,9181 Glades Rd,33434,8322516155,31
1567,9572 Regency Square Blvd North,32225,3381240452,13
1568,2227 Hillsboro Boulevard,37355,8457915267,3
1569,10501 Fgcu Blvd S,33965,4172665189,5
1570,585 N Germantown Parkway,38018,2346441431,19
1571,1585 Chickering Lane,38016,9323181428,45
1572,2931 Kirby Whitten Road,38134,6375082402,37
1573,1144 Gallatin Pike S,37115,2955981748,9
1574,1275 N State St,95482,9490241185,28
1575,381 Joseph Gallo Dr,95334,5211944491,1
1576,7825 Us Highway 72,38138,1602570724,37
1577,1940 Exeter Road,38138,2326976989,12
1578,2030 S Germantown Road,38138,4819429823,1
1579,2065 Occidental Rd,95401,8224586105,12
1580,2102 Gallatin Pike,37115,6977620414,9
1581,2491 Sparta Street,37110,8057157272,3
1582,1210 N Jefferson St,92807,6095989257,1
1583,104 W Main St,92227,3647849907,3
1584,2351 McKee Rd,95116,5726443794,12
1585,3730 N 1st St,95134,2765304462,36
1586,510 N Thompson Ln Ste A,37129,5489565143,19
1587,1500 Greenland Drive,37132,6814517485,19
1588,199 Race St,95126,4220021085,11
1589,5720 Cottle Road,95123,2389790196,10
1590,700 Old Hickory Blvd Ste 201,37027,4579590297,39
1591,5010 Thoroughbred Lane,37027,8569930351,25
1592,1732 Carouthers Pkwy Ste B,37027,7307898379,25
1593,229 Franklin Road,37027,3114659780,25
1594,3219 Adeline St,94703,7526328891,21
1595,14896 Highway 4,94514,6015319940,1
1596,1518 S San Gabriel,91776,8069407033,4
1597,207 Broad Street,37643,6978093484,14
1598,9041 Valley View Blvd,90630,2118239314,14
1599,620 Cullum Ave,99352,3094789904,8
1600,702 S Main St,99111,2053622383,32
1601,4 Stonebridge Boulevard,38305,3818883409,8
1602,2345 Sunset Blvd,95765,7983642471,20
1603,650 Gallatin Pike S,37115,7538703968,18
1604,207 D St,95616,7644692664,40
1605,3661 Truxel Rd,95834,6732445367,36
1606,2335 Florin Rd,95822,1854625701,1
1607,811 Hamilton Crossings Drive,37013,7794059108,9
1608,1331 Bell Road,37013,7164952999,13
1609,1158 Mission Rd,94080,9212610399,43
1610,4827 Hixson Pike,37343,3447517975,7
1611,1699 Union Ave,38104,8115486921,14
1612,2010 John Harden,72076,5082349316,7
1613,1620 E Stone Drive,37660,5522286925,1
1614,103 Style St NE,35077,6183726341,36
1615,1430 N Highway 107,37743,5855118876,7
1616,3950 Ridge Rd,46322,9452424143,27
1617,545 Peachtree Industrial Blvd,30024,1616263902,46
1618,609 2nd Ave E,35121,9777980287,4
1619,152 Bowling Ln,35124,4266017088,44
1620,610 E Fireweed Ln,99503,8460442164,41
1621,473 W Parks Hwy,99654,1015828518,46
1622,254 Indian Lake Blvd Ste A,37075,7916501080,3
1623,1037 Glenbrook Way,37075,8947120205,10
1624,7320 Eastman Ave,48642,4755378186,27
1625,2225 North Tenth St,49858,7650726759,7
1626,2788 W Andrew Johnson HWay,37814,5616282380,30
1627,5617 W Saginaw Hwy,48917,5323220766,5
1628,2280 W Andrew Johnson HWay,37814,3748627272,21
1629,6156 S Westnedge Ave,49002,7298774724,23
1630,2190 Holton Rd,49445,4007578016,7
1631,1501 New Highway 96 W,37064,2608402218,12
1632,7370 Secor Rd,48144,2285515824,7
1633,4040 Carothers Parkway,37067,5855825855,33
1634,2250 E 10 Mile Road,48091,5977421268,1
1635,32940 Michigan Ave,48184,8079643769,4
1636,201 S. Merriman Road,48185,5415378872,4
1637,2012 Crossings Circle,37174,8000239308,10
1638,4200 Dodge St,52003,6171634042,3
1639,1407 John F Kennedy Dr,68005,6932980865,14
1640,5525 Merle Hay Road,50131,9188024533,10
1641,337 E National Rd,45377,8121036186,11
1642,2047 W 21st St N,67203,3920504881,36
1643,10203 Woodland Road,66220,1576684918,6
1644,1610 E Peoria,66071,9492308407,1
1645,10201 Illinois Rd,46814,1399589411,7
1646,3900 7th Street Rd,40216,5516290406,32
1647,14 W Kent Street,37405,2413271537,47
1648,7003 Kennedy Ave,46323,5268367081,12
1649,608 W Town Center Boulevard,61822,4971339962,43
1650,8260 Arbor Square Dr,45040,4956298466,29
1651,1140 Kemper Meadow Dr,45240,8306594336,29
1652,3150 E 181st Place,46341,7623822052,1
1653,1439 E 86th St,46240,5589410652,4
1654,1251 US Highway 31 N C-19,46142,4304718841,5
1655,2355 E 116th St,46032,7206442621,44
1656,4544 Hwy 81 N,29621,1317851856,15
1657,6601 Old Winter Garden Road,32835,3791769229,46
1658,2003 Zumbehl Rd,63303,3636323021,4
1659,682 Nashville Pike,37066,8397067159,12
1660,28929 N Waukegan Rd,60044,1555094907,1
1661,39082 N Sheridan Rd,60099,7070560583,1
1662,292 E Army Trail Rd,60139,5962915940,1
1663,5733 S Kedzie Ave,60629,7987391902,1
1664,604 E Gravis Street,78384,1633088214,17
1665,2180 Reese St 1385,78236,3036142272,3
1666,8417 N Us Highway 287,76225,2717850444,7
1667,5001 Nicholson Road,20852,4880436550,6
1668,9011 Highway 290 E,77426,6650702734,7
1669,5221 Presidents Ct,21703,7130418935,23
1670,210 Highway 90 W,77538,6635903402,32
1671,101 E Highway 90,77535,9544191464,41
1672,101 Corporate Plaza Dr,30241,1626006518,20
1673,614 E Avenue,76664,8364766612,17
1674,1953 N College Avenue,46202,2781442216,41
1675,1524 Northwest HWay,75041,6759258942,48
1676,2150 N Jupiter Road,75044,4858771208,21
1677,1110 W Centerville Road,75041,7939867077,1
1678,6925 N Us Highway 69,75969,1091688128,21
1679,2304 W State Highway 71,78945,2850934383,1
1680,2019 SW Highway 484,34473,7183950253,3
1681,2328 Seawall Boulevard,77550,8066787550,6
1682,7025 N University Drive,33321,8581574580,6
1683,2631 So State Rd 7,33023,7052402773,7
1684,9915 Miramar Pkwy,33025,8171785249,36
1685,2985 W Commercial Blvd,33309,9181172292,25
1686,6420 Fm 1960 Rd E,77346,2662969530,11
1687,112 E Edinburg Avenue,78543,2903372732,1
1688,6228 14th St W,34207,6054478641,23
1689,454 Fm 664,75125,6350290623,3
1690,505 N Us Highway 83,78584,8341789639,22
1691,310 Main Street,77533,2359818093,48
1692,13603 S Dixie Hwy,33176,2220536175,48
1693,11521 N Kendall Dr,33176,8049865124,8
1694,20505 S Dixie Highway Southland Mall,33189,3410972590,29
1695,1501 Hillsboro Ave,33610,5876889734,6
1696,1951 SE 82nd Avenue,97216,2016573124,40
1697,1150 Interstate 30,75150,6388513300,18
1698,210 Pioneer Road,75149,2479044556,13
1699,1196 Royal Palm Beach Blvd,33411,8085639281,21
1700,2929 Havendale Blvd NW,33881,5695660865,16
1701,105 S Main St,59632,6809657267,48
1702,734 Main St,96080,7552057182,16
1703,596 E Perkins St,95482,7276403336,36
1704,1917 5th St,95501,2499459569,46
1705,1201 W Interstate 20,76087,3779291455,6
1706,215 Adams Drive,76086,3826043678,44
1707,7 Rehoboth Ave,19971,7277770590,48
1708,3030 Business Center Drive,77584,9190952322,33
1709,700 Centre Street,78666,1397077202,36
1710,1050 W Valley Pky,92025,9856924202,1
1711,2030 Dairy Mart Road,92173,9911994625,14
1712,2601 Preston Road,75034,6837383023,20
1713,8971 Westminster Ave,92844,6135460685,14
1714,101 S Timberland Drive,75901,4275935362,42
1715,2040 North Main Street,93906,3051897153,14
1716,202 Eastridge Mall Relo,95122,4681897178,1
1717,3750 El Camino Real,95051,5742593768,7
1718,2950 E Capitol Expy,95148,9712341585,34
1719,1570 S Bascom Ave,95125,3195293871,43
1720,606 S Walnut Avenue,78130,4589172728,21
1721,1330 Jackson St,94612,4484599128,1
1722,1005 Stafford Way,95991,2824579413,36
1723,700 University Dr E,77840,8566576748,36
1724,4651 Mack Rd,95823,1155321961,4
1725,5610 Freeport Blvd,95822,9404735350,7
1726,3571 N Freeway Blvd,95834,3122914500,19
1727,2731 Del Paso Rd,95835,6358800310,10
1728,800 Riverpoint Cir,95605,8843122638,1
1729,6425 W Banner Rd,95242,9452670559,4
1730,708 W 11th St,95376,5472643163,37
1731,259 El Camino Real,94070,3500072587,4
1732,1327 N Germantown Pkwy,38016,2861365358,20
1733,3285 Shelby Drive,38118,5103339072,13
1734,4210 Summer Ave,38122,8594794472,1
1735,5015 Fairmont Parkway,77505,9201366330,3
1736,5010 Garth Rd Ste 208,77521,6160661986,20
1737,2711 Palmer HWay,77590,1124722978,9
1738,1050 6th St Nw,33881,9436143542,37
1739,6555 E Southern Ave,85206,1062992665,19
1740,3079 College Park Drive,77384,9344026188,40
1741,1211 7th St S,35045,8111615389,11
1742,1031 Montgomery Hwy,35216,4167203201,31
1743,6343 Interstate Dr,35453,9223069190,11
1744,5745 River Rd,35661,3798599480,30
1745,2601 Circle Road,76706,5234117141,37
1746,2808 Old Jacksboro HWay,76302,5768704555,20
1747,1 Pegues Place,75601,3393222045,46
1748,1149 S Main St,48118,8256917846,23
1749,5350 S Harvey St Suite A,49444,3041002890,36
1750,2593 Capital Ave SW,49015,1557607019,1
1751,1105 S Fort Hood Street,76541,3993898065,1
1752,894 N Van Dyke,48003,7993161670,1
1753,45780 N Gratiot Avenue,48042,7940181165,14
1754,32967 Michigan Avenue,48184,1971822745,6
1755,2311 NE Bob Bullock Loop,78045,9271774579,1
1756,7701 Mcpherson Road,78045,4166827189,1
1757,2816 W Loop 250 N,79705,3542990960,25
1758,2619 N 6th St,47591,6009073625,46
1759,801 E Central Ave,45449,1655464451,4
1760,5830 Mcardle Rd Ste 12,78412,5939314061,37
1761,1530 N Cooper Street,76011,1683654108,21
1762,806 Slumber Lane,64085,2366507179,14
1763,806 Blue Lakes Blvd N,83301,5829797308,3
1764,1312 N Park Ave,46001,2912186778,17
1765,20 E 29th St,46016,4239534044,40
1766,1109 E Lincolnway,46350,9313712991,3
1767,2884 N Us Highway 421,46360,4466108056,3
1768,6265 E 500 S,46933,5409526254,14
1769,2810 N Jefferson St.,46750,6193601613,4
1770,4226 Crescent Ave,46815,6464776607,23
1771,1402 N Westgate Drive,78599,3691394747,48
1772,3026 Burnet Ave,45219,3797691520,32
1773,4485 Marie Dr,45044,9380097798,11
1774,135 Lynn Ave,45056,9459619953,11
1775,8251 Princeton Glendale Road,45011,6044143013,1
1776,4644 Madison Ave,95841,5621951360,5
1777,525 Indian Boundary Rd,46304,5577934600,50
1778,3701 Grant St,46408,3526768865,42
1779,66 Putnam County Plz,46135,7478491975,7
1780,4625 E 96th St,46240,1317055325,30
1781,1236 W State Road 32,46052,5667397106,33
1782,2222 W Southport Rd,46217,7331387893,12
1783,1008 E 4th St,47620,8995164156,1
1784,913 Charleston Ave,61938,9514848642,17
1785,395 Dairy Rd Ste J,96732,7319182930,8
1786,6691 Mokapu Rd,96734,1464782996,1
1787,6630 Chippewa St,63109,3690704331,46
1788,3100 S Grand Blvd Ste F,63118,2434013557,30
1789,31667 Hwy 12,60073,8858443691,1
1790,6701 Fannin Street,77030,2083874391,5
1791,2600 Highway 378,29054,8235578386,37
1792,3689 Blue Ridge Boulevard,29691,9612514003,3
1793,1747 Skyland Blvd E,35405,2067323551,47
1794,1951 US Highway 41,46375,8444686471,40
1795,4901 W North Avenue,60639,4526428991,6
1796,5441 West 159th Street,60452,1328802747,1
1797,5852 S Western Avenue,60636,2617357691,14
1798,817 W Front Street,29655,1380644704,3
1799,2595 Highway 501 E,29511,2090553921,1
1800,136 W Church Street,29006,6370288150,13
1801,10 Canal Place,39350,5416934129,46
1802,711 Radford Boulevard,29536,2113537633,4
1803,301 Highway 301 N,29536,6454939353,24
1804,1948 Paxville HWay,29102,1105587936,13
1805,1100 Highway 9 Byp W,29720,8901818285,11
1806,20 State Farm Dr,19342,2644496240,5
1807,1325 Dutch Fork Road,29063,3976481918,24
1808,7811 Broad River Road,29063,6660689528,21
1809,1150 Dutch Fork Road,29063,1066141160,13
1810,4316 Old National Pike Ste B,21769,5206344461,20
1811,1570 Highway 17,29566,5708045314,11
1812,1321 Hwy 40 East,31548,9027972367,29
1813,314 New Franklin Rd,30240,9822662920,4
1814,626 S 5th Street,29550,6254540058,41
1815,3290 Highway 17 Business,29576,2271327649,16
1816,2411 Dawson Rd,31707,3647596604,7
1817,3150 Wrightsboro Rd STE A,30909,3409703452,12
1818,3018 Charleston HWay,29172,4279656436,13
1819,7535 Garners Ferry Rd Ste C,29209,5706756763,32
1820,2332 Sunset Boulevard,29169,6092281212,21
1821,2424 Augusta Road,29169,3490419262,13
1822,2915 Kerry Forest Pkwy Ste 602,32309,4764140242,40
1823,111 N Goose Creek Boulevard,29445,6229706189,20
1824,122 Saint James Avenue,29445,1400029625,13
1825,2704 S Main Street,29624,2326225158,41
1826,1647 E Greenville Street,29621,5766526285,12
1827,1067 Tiger Blvd Ste 40,29631,3346907345,16
1828,1048 Tiger Boulevard,29631,8405569402,6
1829,391 College Ave Ste 101,29631,6786252993,25
1830,102 Canoy Lane,29631,9123007853,40
1831,601 Williams Avenue,29640,6807683055,41
1832,421 W Main Street,29640,2009030995,24
1833,1300 Chestnut Street,29115,8098934005,7
1834,111 Middleton Way,29650,7592172432,48
1835,917 Cabelas Dr Ste 102,29708,9286976946,31
1836,1104 Sea Mountain HWay,29582,2219530655,48
1837,6126 US Highway 98,33876,4058705789,3
1838,807 Broad Street,29150,5869857686,41
1839,12300 Lake Underhill Rd,32828,6818582677,1
1840,2868 N Highway 17,29466,7878979047,13
1841,3110 N Highway 17,29466,4859983702,25
1842,302 Coleman Boulevard,29464,1497456394,41
1843,10300 Forest Hill Blvd Ste FC108,33414,4998895534,5
1844,13801 North East Biscayne Boulevard,33181,5410082985,14
1845,55 Mathews Dr Ste 112,29926,3880038288,40
1846,535 Bypass 72 NW,29649,9290065271,11
1847,3151 Forest Drive,29204,2292703727,43
1848,631 Promenade Place,29229,3476595975,10
1849,300 State Street,29169,8261363841,41
1850,4202 E Fowler Ave CTR 152,33620,2364284940,5
1851,105 Rutherford Street,29609,9720595178,16
1852,954 N Pleasantburg Drive,29607,9824229954,13
1853,1785 White Horse Road,29605,4450263931,48
1854,215 Pelham Rd Ste A101,29615,4812412894,11
1855,116 Highway 17 N,29575,1335112749,32
1856,3001 N Kings Hwy Ste I,29577,2337664219,37
1857,2000 Mcmillan Ave Ste Q,29405,3399536505,9
1858,474 Jessen Lane,29492,3422121995,25
1859,2639 E Gulf To Lake Hwy,34453,1179341671,3
1860,5535 Cypress Gardens Blvd,33884,4535053782,29
1861,610 Cypress Gardens Blvd,33880,8813126475,36
1862,1110 Boone Hill Road,29483,4956949540,37
1863,330 Danby Woods Court,29485,8248658819,20
1864,102 S Cedar Saint Unit B,29483,5077007344,12
1865,1500 Whiskey Road,29803,6105507614,25
1866,2001 Whiskey Road,29803,3331172676,15
1867,1840 Main Street,81301,2025823906,6
1868,7355 Two Notch Road,29223,4911133664,21
1869,5400 Forest Drive,29206,4316424199,12
1870,6015 E Parkway Dr,80022,8670717558,18
1871,1000 N Pine Street,29303,1714968406,16
1872,110 Garner Rd Ste 5,29303,1728968244,12
1873,732 S State St,95482,2987395251,43
1874,511 Rutledge Avenue,29403,7017463380,37
1875,9500 Dorchester Road,29418,2490021367,26
1876,1381 Celebration Boulevard,29501,3943362999,25
1877,2007 S Irby Street,29505,9276421985,37
1878,1551 W Palmetto Street,29501,3330608892,20
1879,317 S Irby Street,29501,4297181137,12
1880,105 Video Warehouse Way,29624,4500410540,11
1881,937 Highway 29 S,29626,2118936421,41
1882,6500 Boulder HWay,89122,8208222165,3
1883,6515 E Lake Mead Boulevard,89156,6690643953,18
1884,4955 E Craig Rd Ste 1,89115,4916889935,3
1885,7065 Ingram Ave,93650,9015394884,1
1886,4380 N Nellis Boulevard,89115,5153562011,38
1887,4804 W Lone Mountain Road,89130,4181355193,1
1888,2668 Las Vegas Blvd N Ste 102,89030,4390074264,3
1889,2513 E Owens Avenue,89030,8985125242,1
1890,750 Greenbrae Drive,89431,1599274315,3
1891,1585 S Virginia Street,89502,5640162094,3
1892,431 Blue Lakes Blvd N,83301,7237678058,13
1893,16311 Beach Blvd,92647,8016791214,18
1894,1160 Kietzke Lane,89502,6431921484,37
1895,465 E Plumb Lane,89502,2603663500,3
1896,432 N Virginia Street,89501,8538676820,1
1897,1231 W Memory Ln,92706,3121086101,29
1898,1404 Kraemer Boulevard,92870,1132193310,14
1899,7851 W Charleston Boulevard,89117,3317110875,1
1900,1500 Mitchell Rd,95307,8163602855,1
1901,1420 Kansas Avenue,95351,1136699227,14
1902,4916 S Fort Apache Rd Ste 101,89148,1807207708,48
1903,435 Canyon Del Rey Blvd,93940,9031180324,18
1904,2100 S 4th St,92243,8476950139,18
1905,1540 E Highway 372,89048,5808619447,14
1906,1015 E Capitol Expy,95121,7363312674,21
1907,2833 E Desert Inn Road,89121,1960728822,25
1908,16216 Crenshaw Blvd,90249,9437677668,38
1909,360 N Sandhill Boulevard,89027,6806376623,16
1910,9001 Stockdale Hwy,93311,1301225375,48
1911,2211 Oddie Boulevard,89431,9577424967,25
1912,9606 Weedpatch Hwy,93241,1010030695,18
1913,1679 E Monte Vista Ave 108,95688,2432174497,25
1914,2900 S Casino Drive,89029,6046100943,1
1915,8491 Folsom Blvd,95826,7071946324,9
1916,2591 Lake Tahoe Boulevard,96150,7148759311,16
1917,1991 N Rainbow Boulevard,89108,4401990610,5
1918,2310 Tienda Dr Ste 200,95242,9332026613,32
1919,400 Geary St,94102,9576759800,18
1920,1832 Highway 62 East,72653,8706385090,7
1921,4500 E Johnson Ave,72401,4002000318,3
1922,3411 Las Vegas Blvd S,89109,9551351069,50
1923,801 E Charleston Boulevard,89104,3577310861,38
1924,6455 W Sahara Avenue,89146,4399238661,13
1925,10740 Foothill Blvd,91730,6420085713,36
1926,2454 South Archibald Ave,91761,5781761930,14
1927,3905 S Carson Street,89701,7668929541,1
1928,1110 S 71st St Ste A,68106,7470105755,31
1929,1541 Montclair Road,35210,3680025845,4
1930,809 N Chestnut Street,68066,6921492585,3
1931,2211 S Locust Street,68801,8448409163,4
1932,404 N 114th Street,68154,7946553388,30
1933,320 Blaine Street,68949,3925673165,11
1934,911 W Monroe Street,49202,2848777720,14
1935,311 North US 31 South,49684,8419216834,14
1936,1155 S Carney Dr,48079,4764158449,1
1937,1628 10th Avenue,69162,4142967954,3
1938,1010 J Street,68305,8675826755,13
1939,2412 8th Avenue,68048,4800448508,14
1940,120 23rd Street,68601,1420081417,19
1941,4109 Twin Creek Dr,68123,3515348861,7
1942,3206 Avenue I,69361,8234065431,40
1943,9848 Giles Road,68128,6287176312,27
1944,2300 Planet Ave,67401,6558742660,41
1945,3410 York Commons Blvd,45414,5999574748,4
1946,6500 Brandt Pike,45424,2656979758,4
1947,1023 N Gettysburg Ave,45417,7330925947,11
1948,2528 Shiloh Springs Rd,45426,3073707974,25
1949,4939 Burkhardt Rd,45431,9467348414,11
1950,3803 S Lincoln Avenue,68467,8871818766,14
1951,3337 E Central Avenue Suite 101,67208,9860935550,10
1952,2414 2nd Avenue,68847,7649407241,24
1953,4807 3rd Avenue,68845,5873005933,13
1954,1305 S. Broadway,64075,2802192488,13
1955,201 S Broadway,64075,1350318281,1
1956,4111 Shawnee Dr,66106,3824796773,21
1957,805 S 13th Street,68701,6214934493,3
1958,941 Yellowstone,83201,2417105065,4
1959,3251 E Ustick Rd,83646,7548903475,1
1960,1815 W A Street,69101,6555369244,29
1961,6402 W Jefferson Blvd,46804,8962126532,7
1962,6214 Old Shepherdsville Rd,40228,2760584218,1
1963,311 Brenton Way,40165,4276725808,7
1964,5697 Romar Dr,45150,9377564620,47
1965,1131 Ridgeway Ave,41040,5814101872,1
1966,1930 Monmouth Street,41071,7775404711,1
1967,6805 Houston Rd,41042,5837011310,19
1968,1317 W 2nd Street,68801,7749119299,1
1969,8201 Calumet Ave,46321,4426139271,48
1970,5520 W Ridge Rd,46408,9706087354,25
1971,5301 W Washington St,46241,8338114321,50
1972,4044 E Southport Road,46227,2917434807,1
1973,2502 Dr Martin Luther King Jr St,46208,5396235472,42
1974,49 Burkhardt Rd,47715,8132113638,1
1975,433 Kele St,96732,9206534862,16
1976,1279 S Kihei Rd Ste 102,96753,3148032087,19
1977,6995 E Riverside Blvd,61114,1365559676,1
1978,4623 State St,61108,3162983862,1
1979,1003 N Hwy 47,63383,2692197698,1
1980,1304 South State St,62052,6500671494,7
1981,200 N Sawyer Rd,61270,2424886865,41
1982,9800 76th St,53158,1655882637,19
1983,615 W Lake St,60661,1292286488,3
1984,8101 Broadway,46410,7512538727,21
1985,369 S Avalon Park Blvd,32828,9576390682,4
1986,2101 S Parrott Ave,34974,2975199468,3
