outlet_id,open_date,employee_count,parking,manager_id
1,2019-05-19,106,TRUE,1312
2,2018-01-18,87,TRUE,1524
3,2019-05-19,82,TRUE,1421
4,2019-05-19,81,TRUE,1549
5,2019-05-19,88,TRUE,1195
6,2019-05-19,81,TRUE,307
7,2019-05-19,101,FALSE,1833
8,2018-01-01,73,TRUE,1430
9,2019-05-19,101,FALSE,1686
10,2019-02-26,113,FALSE,1594
11,2019-05-19,50,FALSE,675
12,2017-06-19,75,TRUE,566
13,2019-02-26,80,TRUE,1781
14,2019-02-10,67,FALSE,1740
15,2016-03-30,109,TRUE,1082
16,2016-04-05,56,TRUE,434
17,2015-11-07,55,FALSE,1318
18,2017-12-23,67,TRUE,1647
19,2015-11-06,101,FALSE,844
20,2016-05-16,119,FALSE,334
21,2017-07-23,55,TRUE,1496
22,2016-10-30,64,FALSE,1501
23,2016-06-20,75,TRUE,1757
24,2016-06-06,84,TRUE,525
25,2017-09-01,92,FALSE,1614
26,2019-05-19,55,TRUE,1002
27,2016-11-08,97,FALSE,159
28,2017-06-19,63,TRUE,956
29,2019-02-26,64,FALSE,1359
30,2016-05-06,116,TRUE,1732
31,2019-02-26,97,FALSE,567
32,2017-07-19,95,TRUE,1429
33,2017-09-05,90,FALSE,912
34,2016-03-24,101,TRUE,1666
35,2019-02-26,111,FALSE,339
36,2017-08-02,111,FALSE,1103
37,2017-07-06,85,FALSE,1934
38,2016-07-06,52,FALSE,1173
39,2017-07-24,102,TRUE,118
40,2015-10-23,113,TRUE,496
41,2019-05-19,93,FALSE,1043
42,2017-07-06,52,FALSE,1441
43,2019-05-19,95,FALSE,679
44,2018-12-01,69,TRUE,931
45,2016-05-24,93,TRUE,825
46,2016-11-02,96,TRUE,1175
47,2016-07-06,78,FALSE,1983
48,2016-04-06,66,TRUE,1625
49,2019-02-26,56,TRUE,677
50,2019-02-09,60,FALSE,1064
51,2019-02-26,108,TRUE,1006
52,2019-05-19,116,FALSE,1463
53,2019-02-26,93,FALSE,974
54,2017-08-27,67,FALSE,1189
55,2019-05-19,80,TRUE,1895
56,2019-05-19,103,FALSE,512
57,2019-05-19,59,TRUE,1764
58,2016-03-27,74,FALSE,1652
59,2019-02-26,60,TRUE,509
60,2016-05-24,113,TRUE,751
61,2019-01-11,120,FALSE,1621
62,2017-01-14,64,TRUE,831
63,2017-12-24,106,TRUE,1259
64,2016-03-27,107,FALSE,1634
65,2019-02-26,71,FALSE,1623
66,2019-05-19,101,FALSE,272
67,2017-11-29,119,TRUE,244
68,2019-02-26,84,TRUE,1531
69,2019-04-18,93,TRUE,1341
70,2019-02-26,92,FALSE,1200
71,2019-05-19,117,TRUE,1008
72,2017-08-14,113,TRUE,927
73,2016-03-27,52,TRUE,400
74,2018-12-01,54,TRUE,1066
75,2017-07-18,54,TRUE,1385
76,2016-03-27,120,FALSE,648
77,2017-08-14,92,TRUE,1727
78,2016-03-27,103,TRUE,1586
79,2016-05-31,100,FALSE,1977
80,2019-02-26,68,FALSE,1295
81,2016-04-04,72,FALSE,1915
82,2019-05-19,97,FALSE,1681
83,2016-03-31,51,FALSE,1893
84,2017-09-05,120,FALSE,1553
85,2019-05-19,63,FALSE,1843
86,2019-05-19,91,TRUE,483
87,2018-12-16,77,FALSE,650
88,2016-05-16,119,TRUE,1418
89,2019-05-19,98,TRUE,1487
90,2017-06-19,85,FALSE,1901
91,2019-05-19,95,TRUE,1718
92,2019-05-19,96,TRUE,168
93,2016-02-26,98,TRUE,37
94,2017-08-14,98,FALSE,1751
95,2017-08-06,109,TRUE,1355
96,2018-12-02,88,FALSE,155
97,2016-04-01,108,FALSE,1706
98,2017-07-23,94,TRUE,858
99,2017-12-20,91,FALSE,1482
100,2017-12-11,81,FALSE,1468
101,2017-07-19,90,TRUE,273
102,2015-10-20,67,FALSE,948
103,2019-05-19,60,FALSE,1402
104,2017-07-24,116,FALSE,1091
105,2018-12-02,86,FALSE,417
106,2019-05-19,91,TRUE,1964
107,2019-02-09,92,TRUE,832
108,2019-05-19,83,TRUE,1367
109,2017-11-16,111,FALSE,363
110,2016-03-27,61,TRUE,1701
111,2019-01-20,116,TRUE,458
112,2018-12-02,77,FALSE,799
113,2017-07-23,119,FALSE,1558
114,2017-07-18,92,FALSE,730
115,2017-07-06,66,FALSE,531
116,2019-02-26,70,TRUE,668
117,2018-01-28,106,TRUE,610
118,2015-11-07,97,TRUE,192
119,2016-04-04,90,TRUE,707
120,2017-08-27,117,FALSE,750
121,2016-06-20,68,FALSE,530
122,2015-10-23,100,TRUE,187
123,2016-01-06,67,TRUE,838
124,2019-05-19,52,FALSE,946
125,2016-09-08,88,FALSE,755
126,2019-05-19,64,FALSE,375
127,2016-03-29,105,TRUE,481
128,2017-10-23,90,TRUE,251
129,2015-10-23,74,FALSE,1336
130,2014-01-07,78,FALSE,1922
131,2015-11-26,101,TRUE,950
132,2017-11-29,103,TRUE,1982
133,2018-12-02,89,FALSE,267
134,2015-10-23,97,TRUE,1254
135,2017-07-06,68,TRUE,46
136,2017-08-27,91,FALSE,399
137,2017-07-24,57,TRUE,967
138,2019-02-26,74,FALSE,1805
139,2019-05-19,95,TRUE,1646
140,2017-11-29,81,TRUE,468
141,2015-11-07,89,TRUE,247
142,2016-05-03,68,FALSE,502
143,2017-07-23,101,FALSE,457
144,2017-07-20,60,FALSE,693
145,2016-05-08,76,TRUE,1072
146,2017-09-05,117,TRUE,1848
147,2016-02-16,101,FALSE,362
148,2019-04-18,108,TRUE,1503
149,2019-02-26,63,FALSE,1011
150,2016-03-24,106,FALSE,1750
151,2019-04-18,96,FALSE,1967
152,2017-07-21,80,FALSE,1448
153,2019-05-19,94,TRUE,575
154,2019-03-08,111,FALSE,962
155,2017-06-25,60,TRUE,1511
156,2017-12-17,96,FALSE,1151
157,2016-09-09,89,TRUE,1304
158,2019-05-19,82,FALSE,1277
159,2016-03-03,92,TRUE,1322
160,2016-06-04,68,TRUE,1965
161,2017-02-08,72,TRUE,964
162,2016-06-04,65,TRUE,1497
163,2017-12-11,91,TRUE,1927
164,2018-02-02,96,FALSE,1641
165,2016-05-06,87,FALSE,1705
166,2016-11-28,116,FALSE,1738
167,2017-02-23,64,TRUE,1242
168,2016-04-02,116,FALSE,1262
169,2015-10-23,101,TRUE,1099
170,2019-05-19,81,TRUE,1346
171,2017-07-24,73,TRUE,1759
172,2019-02-26,54,TRUE,1710
173,2015-10-23,71,FALSE,204
174,2019-05-19,69,TRUE,85
175,2019-05-19,98,TRUE,1754
176,2018-05-07,78,FALSE,1533
177,2019-01-20,55,FALSE,84
178,2016-05-05,54,FALSE,1042
179,2017-07-23,74,TRUE,860
180,2017-07-23,106,FALSE,1249
181,2017-09-07,115,TRUE,761
182,2018-12-17,68,FALSE,353
183,2017-06-19,90,FALSE,1222
184,2019-02-09,77,TRUE,1791
185,2017-07-18,51,TRUE,1870
186,2019-02-26,78,TRUE,433
187,2016-05-05,114,FALSE,1655
188,2017-04-18,102,FALSE,1875
189,2017-12-11,78,FALSE,775
190,2019-02-10,53,TRUE,416
191,2019-05-18,70,TRUE,1327
192,2019-05-18,68,FALSE,129
193,2016-06-08,56,TRUE,230
194,2019-05-18,116,TRUE,645
195,2019-03-06,81,FALSE,914
196,2018-02-08,85,FALSE,1382
197,2016-10-29,60,TRUE,579
198,2016-04-03,117,TRUE,740
199,2015-10-20,101,FALSE,133
200,2017-07-24,120,TRUE,1685
201,2016-05-18,66,TRUE,776
202,2015-10-19,114,FALSE,578
203,2015-10-22,99,FALSE,1248
204,2015-11-23,65,FALSE,830
205,2019-01-25,100,TRUE,816
206,2017-06-24,53,FALSE,1752
207,2019-02-26,58,TRUE,1879
208,2019-02-11,99,FALSE,1572
209,2017-07-19,61,FALSE,652
210,2015-10-22,113,FALSE,208
211,2016-03-21,83,TRUE,992
212,2019-02-26,116,FALSE,1161
213,2019-05-18,97,FALSE,1612
214,2019-03-21,51,TRUE,4
215,2019-05-18,64,TRUE,342
216,2019-01-21,70,FALSE,412
217,2017-07-19,107,FALSE,135
218,2019-05-18,103,FALSE,727
219,2019-02-26,78,FALSE,332
220,2017-11-29,93,TRUE,1074
221,2019-05-18,51,FALSE,1874
222,2019-05-18,65,TRUE,890
223,2017-09-16,114,FALSE,97
224,2018-02-05,56,TRUE,1561
225,2016-03-29,103,TRUE,1371
226,2019-05-18,115,TRUE,57
227,2019-03-21,58,TRUE,692
228,2015-10-24,63,FALSE,1337
229,2019-05-18,69,TRUE,983
230,2016-10-11,74,FALSE,1404
231,2017-07-19,100,TRUE,1674
232,2019-05-18,52,TRUE,1849
233,2019-05-18,117,FALSE,40
234,2019-05-18,96,FALSE,1668
235,2019-05-18,72,TRUE,743
236,2019-05-18,97,TRUE,1425
237,2019-04-18,92,FALSE,1433
238,2017-06-22,91,TRUE,1513
239,2015-11-02,79,FALSE,303
240,2017-07-20,61,FALSE,1640
241,2019-05-18,65,TRUE,940
242,2019-05-18,115,FALSE,966
243,2017-04-18,56,TRUE,1435
244,2015-07-21,82,FALSE,105
245,2017-09-16,101,FALSE,1181
246,2017-08-31,82,FALSE,1321
247,2019-05-18,118,TRUE,1864
248,2019-05-18,65,FALSE,151
249,2019-05-18,62,FALSE,520
250,2019-05-18,74,FALSE,282
251,2019-02-09,107,FALSE,1221
252,2016-04-05,120,TRUE,136
253,2016-10-29,70,FALSE,395
254,2019-05-18,70,FALSE,1400
255,2016-06-20,81,TRUE,138
256,2019-05-18,57,TRUE,488
257,2017-02-01,72,TRUE,913
258,2016-08-04,71,TRUE,123
259,2016-03-30,84,FALSE,1618
260,2019-01-21,77,FALSE,503
261,2019-01-20,90,TRUE,405
262,2019-05-18,77,TRUE,1273
263,2019-05-18,59,FALSE,1555
264,2016-04-04,64,TRUE,1719
265,2019-05-05,95,TRUE,1568
266,2016-06-04,78,FALSE,691
267,2016-03-27,82,FALSE,1345
268,2015-10-23,103,FALSE,270
269,2016-03-27,95,FALSE,930
270,2017-08-26,105,TRUE,979
271,2019-05-18,108,FALSE,1735
272,2019-05-18,75,TRUE,728
273,2015-09-21,114,TRUE,1649
274,2017-06-27,111,TRUE,1663
275,2017-07-22,101,FALSE,1505
276,2015-11-02,79,FALSE,1034
277,2016-03-24,88,TRUE,615
278,2019-05-18,97,TRUE,684
279,2019-04-01,93,FALSE,1838
280,2019-04-01,103,FALSE,281
281,2019-05-18,108,FALSE,1581
282,2018-05-12,96,TRUE,861
283,2017-07-19,52,TRUE,1290
284,2017-06-19,83,TRUE,787
285,2017-07-06,50,TRUE,1303
286,2019-05-18,71,TRUE,1369
287,2017-12-26,120,TRUE,1643
288,2017-09-07,69,FALSE,441
289,2019-05-18,72,FALSE,696
290,2019-05-18,50,TRUE,678
291,2019-05-18,61,FALSE,1713
292,2019-05-18,114,TRUE,959
293,2019-05-18,54,TRUE,451
294,2017-07-21,70,FALSE,1620
295,2016-03-29,83,FALSE,602
296,2019-04-15,100,FALSE,8
297,2019-05-18,61,FALSE,420
298,2019-05-18,50,FALSE,312
299,2019-05-18,63,TRUE,1278
300,2019-01-24,87,TRUE,1725
301,2019-05-18,108,FALSE,1545
302,2019-01-28,90,FALSE,1279
303,2019-02-26,86,FALSE,1152
304,2015-10-23,111,TRUE,1211
305,2016-04-01,104,TRUE,1314
306,2016-04-05,102,FALSE,941
307,2016-06-08,87,TRUE,869
308,2016-04-02,111,TRUE,1679
309,2017-06-24,78,FALSE,559
310,2016-04-05,72,FALSE,90
311,2015-06-25,63,TRUE,207
312,2016-03-28,103,FALSE,1486
313,2016-03-31,57,FALSE,1877
314,2019-05-18,74,TRUE,1861
315,2016-02-26,114,FALSE,945
316,2019-05-18,55,TRUE,770
317,2019-05-18,86,TRUE,958
318,2019-02-11,50,TRUE,1947
319,2019-05-18,72,TRUE,101
320,2016-03-27,105,FALSE,1040
321,2019-05-18,53,TRUE,148
322,2019-01-26,98,FALSE,62
323,2015-10-24,57,FALSE,1252
324,2019-05-18,71,FALSE,480
325,2019-05-18,103,FALSE,534
326,2016-03-30,66,TRUE,1578
327,2019-05-18,57,FALSE,1236
328,2019-05-18,81,FALSE,1426
329,2017-07-24,117,FALSE,1093
330,2019-05-18,117,FALSE,835
331,2019-05-18,107,TRUE,815
332,2019-05-18,102,FALSE,1689
333,2019-05-18,110,FALSE,642
334,2016-06-14,110,TRUE,1315
335,2016-03-29,65,TRUE,79
336,2016-03-29,109,TRUE,276
337,2016-04-05,106,TRUE,851
338,2017-06-19,53,TRUE,1420
339,2018-11-29,61,FALSE,1796
340,2019-05-18,101,TRUE,1439
341,2019-05-18,108,FALSE,1352
342,2019-05-18,94,TRUE,265
343,2016-08-02,76,TRUE,1444
344,2017-07-19,65,TRUE,1570
345,2017-07-24,56,TRUE,854
346,2018-12-02,98,FALSE,1077
347,2019-05-18,65,FALSE,482
348,2019-05-18,67,FALSE,1296
349,2019-05-18,70,FALSE,464
350,2017-09-18,54,FALSE,1294
351,2016-03-29,74,FALSE,1027
352,2016-11-17,76,TRUE,1124
353,2019-01-12,110,TRUE,731
354,2019-05-18,90,TRUE,261
355,2015-11-21,83,FALSE,1255
356,2019-02-19,106,TRUE,1613
357,2016-04-05,59,FALSE,521
358,2017-07-23,98,FALSE,1876
359,2018-01-18,99,FALSE,1451
360,2019-04-18,79,TRUE,744
361,2016-04-03,105,FALSE,1835
362,2019-05-18,65,TRUE,1083
363,2019-01-22,59,TRUE,1104
364,2019-05-18,81,TRUE,1746
365,2016-10-29,74,FALSE,1807
366,2017-07-20,64,TRUE,422
367,2017-01-14,109,TRUE,884
368,2016-06-20,78,TRUE,139
369,2019-05-18,85,FALSE,1786
370,2019-05-18,86,FALSE,376
371,2016-05-19,59,TRUE,1565
372,2019-05-18,89,TRUE,772
373,2015-10-23,98,TRUE,1129
374,2017-08-25,75,FALSE,7
375,2015-11-09,100,TRUE,618
376,2019-05-18,72,TRUE,274
377,2017-12-18,111,FALSE,345
378,2016-03-21,52,TRUE,1633
379,2017-07-18,98,TRUE,1699
380,2019-05-18,105,TRUE,1285
381,2016-04-02,95,TRUE,1070
382,2015-10-19,87,TRUE,258
383,2019-02-10,96,FALSE,738
384,2019-05-18,59,TRUE,328
385,2017-07-19,103,FALSE,1016
386,2017-09-13,119,TRUE,737
387,2019-05-18,70,TRUE,411
388,2016-07-19,54,FALSE,1452
389,2019-05-18,119,TRUE,393
390,2017-07-18,99,TRUE,1387
391,2017-06-30,66,FALSE,810
392,2019-05-18,63,TRUE,1962
393,2019-05-18,70,TRUE,1878
394,2019-05-18,57,TRUE,378
395,2019-05-18,70,TRUE,554
396,2019-03-06,105,FALSE,1009
397,2019-05-18,61,FALSE,1033
398,2018-12-04,82,FALSE,1601
399,2018-12-01,71,FALSE,820
400,2016-10-20,82,TRUE,56
401,2018-02-11,93,TRUE,955
402,2019-02-01,82,FALSE,518
403,2019-03-21,60,FALSE,1284
404,2019-02-11,103,TRUE,1207
405,2015-10-19,79,TRUE,588
406,2019-05-18,62,FALSE,1494
407,2016-06-13,115,TRUE,1339
408,2019-05-18,89,FALSE,597
409,2019-05-18,118,TRUE,771
410,2019-05-18,84,FALSE,17
411,2019-05-18,63,FALSE,195
412,2019-05-18,103,TRUE,1828
413,2016-03-27,68,FALSE,295
414,2019-05-18,70,TRUE,1825
415,2017-06-29,64,FALSE,335
416,2019-05-18,76,TRUE,1726
417,2019-02-19,106,TRUE,1139
418,2016-03-31,77,TRUE,1973
419,2017-07-04,86,FALSE,1894
420,2016-06-14,86,FALSE,340
421,2019-05-18,82,FALSE,1606
422,2019-02-26,64,TRUE,764
423,2019-05-18,108,TRUE,430
424,2017-07-20,82,TRUE,1134
425,2019-02-26,114,TRUE,156
426,2019-05-18,117,FALSE,1022
427,2016-11-08,54,TRUE,1532
428,2019-03-05,94,TRUE,414
429,2019-03-21,119,TRUE,1890
430,2016-07-08,108,TRUE,1464
431,2019-05-18,76,TRUE,537
432,2019-05-18,104,TRUE,1580
433,2017-07-18,103,FALSE,166
434,2015-11-19,98,TRUE,181
435,2018-02-07,94,FALSE,791
436,2017-07-19,94,TRUE,116
437,2015-09-21,109,TRUE,1098
438,2016-05-29,76,TRUE,1097
439,2017-06-19,59,TRUE,526
440,2018-01-28,108,FALSE,1293
441,2017-07-03,52,TRUE,935
442,2018-11-29,105,TRUE,1818
443,2019-05-18,70,TRUE,786
444,2019-05-18,94,TRUE,219
445,2019-02-26,77,FALSE,373
446,2016-06-15,58,TRUE,1498
447,2019-05-18,110,FALSE,18
448,2017-11-10,110,TRUE,344
449,2017-09-07,51,TRUE,1741
450,2019-05-18,106,TRUE,1801
451,2019-05-18,114,FALSE,507
452,2019-05-10,90,TRUE,653
453,2019-05-18,86,FALSE,407
454,2016-03-23,83,FALSE,1048
455,2017-06-19,80,FALSE,127
456,2019-05-18,82,FALSE,1390
457,2015-11-02,75,FALSE,1611
458,2019-05-18,66,TRUE,1921
459,2015-10-23,70,FALSE,999
460,2017-07-20,55,FALSE,1797
461,2019-05-18,108,TRUE,1816
462,2019-02-26,88,FALSE,1763
463,2015-10-22,84,FALSE,1766
464,2017-07-21,111,FALSE,1829
465,2016-04-05,99,TRUE,803
466,2019-01-28,68,FALSE,33
467,2019-05-18,52,TRUE,1698
468,2016-03-23,51,TRUE,1529
469,2019-04-18,63,TRUE,91
470,2019-05-18,109,TRUE,425
471,2017-06-29,66,FALSE,886
472,2016-05-28,53,FALSE,1159
473,2017-06-27,74,TRUE,904
474,2019-05-18,61,FALSE,1115
475,2016-04-04,117,FALSE,1588
476,2019-05-18,110,FALSE,784
477,2019-04-18,53,FALSE,1172
478,2017-06-19,52,FALSE,296
479,2017-07-18,75,FALSE,1824
480,2015-10-24,91,FALSE,269
481,2019-02-26,79,TRUE,102
482,2019-02-26,77,FALSE,64
483,2016-04-05,80,TRUE,1234
484,2015-10-19,63,TRUE,1251
485,2016-04-06,82,TRUE,670
486,2019-05-18,77,TRUE,723
487,2015-11-02,118,TRUE,71
488,2015-09-28,118,FALSE,188
489,2019-02-26,60,FALSE,671
490,2019-02-26,93,FALSE,1053
491,2019-05-18,85,FALSE,297
492,2019-05-18,78,TRUE,1193
493,2017-06-30,50,TRUE,294
494,2019-05-18,115,TRUE,879
495,2019-04-18,117,FALSE,1458
496,2018-01-18,51,FALSE,248
497,2019-05-18,110,TRUE,1491
498,2019-02-26,77,TRUE,1148
499,2017-06-27,54,TRUE,1909
500,2017-06-29,108,TRUE,313
501,2019-02-11,63,TRUE,80
502,2016-06-20,78,TRUE,1971
503,2019-05-18,116,FALSE,529
504,2017-01-03,98,FALSE,471
505,2015-10-23,101,FALSE,1587
506,2017-07-18,62,TRUE,398
507,2019-02-26,71,TRUE,712
508,2016-10-11,71,FALSE,50
509,2016-03-23,116,TRUE,1604
510,2019-05-17,75,TRUE,863
511,2017-01-17,77,FALSE,1658
512,2019-04-18,53,FALSE,1485
513,2015-11-25,75,FALSE,196
514,2016-11-06,55,FALSE,1297
515,2016-03-07,65,TRUE,765
516,2019-02-26,75,TRUE,1974
517,2017-03-22,95,FALSE,360
518,2017-06-19,59,FALSE,542
519,2019-02-26,90,TRUE,9
520,2019-02-26,68,FALSE,756
521,2019-02-26,94,FALSE,226
522,2019-02-26,87,TRUE,932
523,2019-02-26,87,TRUE,1031
524,2019-05-17,80,FALSE,1627
525,2016-03-27,98,TRUE,279
526,2019-03-21,55,TRUE,6
527,2019-02-26,110,FALSE,1593
528,2018-12-21,61,FALSE,605
529,2017-07-21,70,TRUE,1817
530,2017-09-11,87,FALSE,110
531,2016-06-05,101,TRUE,1900
532,2019-02-27,103,FALSE,1773
533,2019-01-16,70,TRUE,1475
534,2016-06-10,67,TRUE,403
535,2019-01-12,50,FALSE,249
536,2019-02-26,61,TRUE,593
537,2019-05-17,64,FALSE,1984
538,2017-06-19,67,TRUE,26
539,2016-06-13,61,TRUE,644
540,2019-02-26,103,TRUE,1802
541,2018-11-21,110,FALSE,361
542,2019-01-30,113,FALSE,797
543,2015-11-06,92,FALSE,1094
544,2017-11-17,114,TRUE,594
545,2017-07-06,105,FALSE,1071
546,2017-07-20,75,FALSE,55
547,2016-11-23,86,TRUE,619
548,2017-01-16,106,FALSE,1860
549,2019-02-26,97,TRUE,508
550,2014-10-26,64,TRUE,1931
551,2019-05-17,102,FALSE,760
552,2019-02-26,81,FALSE,280
553,2019-01-26,84,FALSE,1428
554,2019-02-26,113,TRUE,635
555,2019-05-17,86,FALSE,1736
556,2019-02-26,52,TRUE,1579
557,2017-10-23,69,TRUE,680
558,2016-05-19,111,TRUE,93
559,2017-07-23,86,TRUE,1675
560,2019-02-26,118,TRUE,919
561,2019-02-26,53,TRUE,1506
562,2019-05-17,112,FALSE,10
563,2016-06-07,56,FALSE,901
564,2017-09-01,72,FALSE,354
565,2019-05-17,100,FALSE,865
566,2017-07-24,64,TRUE,1250
567,2016-04-01,88,FALSE,1223
568,2016-10-20,98,FALSE,191
569,2015-10-21,70,TRUE,845
570,2016-03-29,69,TRUE,757
571,2015-11-23,99,FALSE,1333
572,2019-02-26,65,FALSE,410
573,2019-05-17,98,FALSE,1108
574,2016-03-28,114,FALSE,907
575,2015-10-23,51,TRUE,1014
576,2015-10-23,102,TRUE,428
577,2017-09-13,76,TRUE,306
578,2017-06-19,102,TRUE,564
579,2019-05-17,94,FALSE,1597
580,2015-07-06,92,TRUE,1810
581,2017-07-19,96,FALSE,565
582,2019-05-17,75,TRUE,1308
583,2019-05-17,86,FALSE,1122
584,2015-10-23,79,FALSE,292
585,2017-08-25,75,TRUE,53
586,2017-06-27,111,FALSE,1417
587,2019-01-30,71,TRUE,581
588,2017-07-23,104,TRUE,147
589,2016-03-29,98,TRUE,1330
590,2017-06-19,118,FALSE,58
591,2015-09-28,84,FALSE,781
592,2019-05-17,74,FALSE,1288
593,2017-07-01,53,TRUE,1372
594,2017-07-26,95,FALSE,1005
595,2019-02-22,90,TRUE,1035
596,2019-02-26,67,TRUE,1525
597,2017-09-05,53,TRUE,19
598,2016-06-08,115,FALSE,872
599,2016-05-06,108,FALSE,1905
600,2017-07-06,70,FALSE,1157
601,2016-05-03,59,TRUE,1953
602,2017-07-06,120,TRUE,499
603,2019-02-26,88,FALSE,35
604,2015-07-19,54,FALSE,1919
605,2017-11-15,68,FALSE,1722
606,2016-03-21,54,FALSE,1166
607,2016-03-29,113,FALSE,1522
608,2018-05-31,117,TRUE,1416
609,2016-04-02,86,FALSE,1853
610,2016-04-08,73,TRUE,1678
611,2017-11-10,88,FALSE,260
612,2019-05-17,60,FALSE,255
613,2019-02-26,102,FALSE,426
614,2019-02-26,95,TRUE,624
615,2017-11-15,99,TRUE,923
616,2016-03-23,57,TRUE,99
617,2015-11-02,120,TRUE,1021
618,2016-03-27,72,TRUE,1079
619,2016-03-27,92,TRUE,1360
620,2016-04-01,78,FALSE,60
621,2018-05-22,99,TRUE,1050
622,2019-02-26,112,FALSE,699
623,2017-07-24,102,FALSE,903
624,2017-11-19,56,FALSE,662
625,2017-12-11,109,FALSE,310
626,2015-07-19,111,FALSE,450
627,2017-11-15,104,TRUE,733
628,2016-03-27,117,TRUE,92
629,2016-05-16,114,FALSE,1209
630,2017-11-16,115,FALSE,1749
631,2015-10-23,73,FALSE,1845
632,2019-04-18,88,TRUE,1645
633,2019-02-26,119,TRUE,1959
634,2015-10-19,53,TRUE,609
635,2019-03-26,69,TRUE,1543
636,2019-02-26,93,TRUE,1842
637,2019-03-21,69,TRUE,183
638,2017-07-11,65,TRUE,1653
639,2019-02-26,60,TRUE,1307
640,2019-02-26,70,FALSE,976
641,2019-05-17,56,FALSE,88
642,2017-07-03,62,TRUE,1457
643,2019-02-01,50,TRUE,1386
644,2019-03-21,91,TRUE,447
645,2016-01-24,103,FALSE,809
646,2019-02-26,63,TRUE,793
647,2017-10-27,115,TRUE,316
648,2017-07-20,52,TRUE,713
649,2019-02-26,89,TRUE,1305
650,2019-05-17,94,FALSE,504
651,2019-05-17,116,TRUE,683
652,2019-05-17,84,FALSE,586
653,2017-11-15,69,TRUE,1659
654,2018-05-09,107,FALSE,1519
655,2019-02-26,75,TRUE,996
656,2014-02-02,117,FALSE,1313
657,2018-12-21,110,FALSE,1413
658,2019-02-26,120,TRUE,238
659,2017-07-20,115,FALSE,758
660,2016-09-08,61,TRUE,1245
661,2019-02-26,71,TRUE,1389
662,2017-06-19,71,FALSE,1902
663,2019-02-26,59,TRUE,553
664,2016-06-18,51,FALSE,1914
665,2019-05-17,115,FALSE,377
666,2016-04-03,54,TRUE,388
667,2015-10-21,103,FALSE,1032
668,2019-05-10,107,TRUE,1925
669,2017-07-23,66,TRUE,21
670,2017-07-03,97,FALSE,1039
671,2015-09-21,91,TRUE,1299
672,2017-06-29,90,TRUE,1233
673,2016-03-24,90,TRUE,1930
674,2017-06-29,75,TRUE,1564
675,2017-07-06,108,FALSE,1019
676,2019-02-26,111,TRUE,541
677,2016-04-04,68,TRUE,891
678,2017-08-14,110,FALSE,466
679,2016-10-13,78,FALSE,87
680,2016-03-23,97,FALSE,1733
681,2015-09-13,108,TRUE,1392
682,2015-09-13,111,FALSE,702
683,2015-11-02,60,FALSE,1422
684,2017-06-19,84,FALSE,1707
685,2017-06-27,120,FALSE,630
686,2015-08-23,58,TRUE,1208
687,2016-10-11,91,FALSE,880
688,2017-06-19,107,TRUE,1110
689,2017-07-24,65,FALSE,177
690,2017-09-02,64,TRUE,1548
691,2018-12-06,76,TRUE,286
692,2017-07-24,73,FALSE,1084
693,2017-08-26,105,FALSE,338
694,2017-09-18,119,FALSE,1535
695,2016-09-08,84,TRUE,1629
696,2019-02-09,60,FALSE,1023
697,2015-09-14,80,TRUE,1377
698,2019-02-26,86,FALSE,78
699,2016-03-31,113,FALSE,443
700,2017-11-16,72,TRUE,556
701,2019-02-26,72,FALSE,1060
702,2019-05-17,62,TRUE,51
703,2019-02-26,112,TRUE,659
704,2017-07-02,65,TRUE,1744
705,2019-02-26,84,TRUE,1329
706,2017-08-31,51,FALSE,1065
707,2017-06-19,66,FALSE,1135
708,2016-04-04,75,FALSE,157
709,2019-04-01,78,TRUE,1405
710,2016-04-23,75,TRUE,1846
711,2015-09-13,83,TRUE,1246
712,2015-09-13,51,TRUE,34
713,2017-07-18,54,FALSE,1271
714,2017-07-18,92,FALSE,649
715,2017-07-02,81,FALSE,1088
716,2017-08-26,78,FALSE,735
717,2017-07-24,115,TRUE,599
718,2017-09-06,59,TRUE,389
719,2017-07-24,90,FALSE,1167
720,2017-07-18,95,FALSE,1424
721,2017-11-29,65,FALSE,1574
722,2017-07-02,110,TRUE,1739
723,2017-06-19,96,FALSE,1230
724,2019-02-26,100,FALSE,321
725,2019-05-17,66,FALSE,1547
726,2019-01-11,102,FALSE,126
727,2019-05-17,110,FALSE,656
728,2019-02-26,94,TRUE,1466
729,2017-12-25,66,FALSE,895
730,2019-02-26,101,FALSE,162
731,2019-02-26,100,FALSE,1493
732,2016-06-20,101,TRUE,1712
733,2017-12-01,110,FALSE,1844
734,2015-09-21,56,TRUE,828
735,2017-07-24,50,TRUE,734
736,2019-02-26,79,FALSE,876
737,2019-02-26,70,TRUE,1102
738,2019-05-17,58,FALSE,1607
739,2015-07-15,63,TRUE,1948
740,2019-01-30,112,TRUE,1724
741,2017-07-21,97,FALSE,1907
742,2015-10-19,65,TRUE,1401
743,2017-07-20,95,FALSE,1147
744,2019-03-01,66,TRUE,1361
745,2019-02-26,94,FALSE,975
746,2016-10-23,71,TRUE,1257
747,2017-11-15,117,FALSE,1654
748,2017-07-23,90,TRUE,1269
749,2019-02-26,61,FALSE,1504
750,2015-10-24,107,FALSE,1644
751,2019-02-26,107,FALSE,1768
752,2017-09-01,58,TRUE,1589
753,2019-05-17,116,FALSE,806
754,2019-05-17,100,FALSE,1358
755,2018-05-28,94,TRUE,25
756,2017-01-16,90,FALSE,1391
757,2019-05-17,102,TRUE,392
758,2017-11-27,113,TRUE,423
759,2016-03-10,73,FALSE,1281
760,2017-11-27,105,FALSE,1379
761,2017-06-13,86,FALSE,1863
762,2019-03-21,97,TRUE,1264
763,2019-02-26,89,FALSE,741
764,2019-02-26,104,FALSE,1758
765,2015-10-23,110,FALSE,235
766,2019-05-17,73,FALSE,1615
767,2017-07-19,74,FALSE,1961
768,2019-05-17,86,TRUE,1662
769,2019-05-17,118,FALSE,494
770,2016-03-31,119,TRUE,718
771,2017-07-03,87,FALSE,1729
772,2019-05-17,107,FALSE,1575
773,2019-05-17,72,FALSE,1530
774,2015-11-07,50,TRUE,628
775,2015-11-02,76,FALSE,1319
776,2016-03-28,73,FALSE,1062
777,2019-05-17,80,TRUE,1324
778,2019-05-17,105,TRUE,455
779,2019-05-17,92,TRUE,1473
780,2017-09-01,111,TRUE,199
781,2017-03-03,92,FALSE,98
782,2019-05-17,118,FALSE,1162
783,2017-06-14,50,TRUE,1821
784,2019-05-17,115,TRUE,837
785,2019-05-17,59,TRUE,241
786,2017-06-30,76,FALSE,900
787,2017-07-19,100,FALSE,1880
788,2017-07-19,68,TRUE,1939
789,2017-06-19,89,TRUE,1975
790,2019-05-17,95,FALSE,1637
791,2019-01-20,98,TRUE,446
792,2019-05-17,66,FALSE,1510
793,2019-03-06,120,TRUE,543
794,2015-10-23,91,TRUE,590
795,2019-05-17,64,FALSE,638
796,2019-05-17,57,FALSE,1411
797,2019-05-17,65,TRUE,1238
798,2017-06-19,104,FALSE,164
799,2019-05-17,78,FALSE,1978
800,2017-08-05,67,TRUE,1933
801,2016-02-26,112,TRUE,1286
802,2019-01-12,81,FALSE,54
803,2015-09-13,67,TRUE,419
804,2019-03-06,66,TRUE,1196
805,2017-06-26,77,TRUE,569
806,2017-07-19,60,FALSE,583
807,2019-05-17,68,FALSE,1954
808,2017-07-19,114,FALSE,814
809,2017-07-19,64,TRUE,119
810,2017-07-24,105,FALSE,1563
811,2019-05-17,65,TRUE,277
812,2017-07-19,86,FALSE,1820
813,2017-09-05,57,TRUE,978
814,2015-10-23,103,TRUE,1270
815,2019-05-17,97,TRUE,72
816,2016-04-03,80,TRUE,1765
817,2017-06-29,99,FALSE,1460
818,2017-12-02,94,TRUE,1241
819,2017-07-18,57,FALSE,343
820,2018-11-20,92,TRUE,1244
821,2017-07-19,115,FALSE,1696
822,2019-05-17,64,TRUE,1069
823,2019-05-17,118,FALSE,365
824,2019-05-17,104,TRUE,112
825,2019-05-17,80,FALSE,1935
826,2016-11-06,117,TRUE,522
827,2016-06-20,113,TRUE,1693
828,2019-05-17,75,TRUE,1474
829,2019-05-17,102,FALSE,1690
830,2019-05-17,109,FALSE,1676
831,2019-05-17,105,TRUE,1815
832,2016-02-17,86,FALSE,325
833,2019-05-01,68,TRUE,1932
834,2019-05-17,111,TRUE,1212
835,2016-03-28,110,TRUE,122
836,2017-07-03,52,FALSE,1602
837,2018-11-20,99,TRUE,453
838,2019-05-17,80,TRUE,910
839,2019-05-17,79,FALSE,1537
840,2018-01-18,114,TRUE,1670
841,2019-05-17,65,FALSE,1323
842,2019-01-20,117,TRUE,925
843,2019-05-17,55,FALSE,665
844,2017-07-03,87,TRUE,1343
845,2019-05-17,96,FALSE,611
846,2015-10-21,105,FALSE,1131
847,2016-03-29,68,TRUE,1950
848,2016-10-26,111,TRUE,1539
849,2017-07-19,78,FALSE,1459
850,2017-06-26,120,TRUE,320
851,2015-11-06,78,FALSE,1342
852,2017-07-20,95,FALSE,625
853,2015-10-23,80,TRUE,1812
854,2017-06-19,99,TRUE,1185
855,2017-07-19,94,FALSE,729
856,2017-07-19,53,TRUE,1445
857,2016-04-01,83,FALSE,1819
858,2019-05-17,77,FALSE,1231
859,2017-07-19,113,TRUE,1309
860,2017-02-11,76,FALSE,1216
861,2019-05-17,94,FALSE,1516
862,2019-04-19,52,FALSE,994
863,2019-05-17,63,FALSE,1788
864,2017-06-23,101,TRUE,70
865,2017-07-19,71,FALSE,963
866,2019-05-16,113,TRUE,421
867,2017-07-23,70,TRUE,695
868,2016-06-06,55,TRUE,836
869,2017-07-20,107,FALSE,1399
870,2016-04-04,82,FALSE,1275
871,2016-04-02,117,TRUE,711
872,2015-12-02,53,TRUE,715
873,2019-05-16,69,TRUE,160
874,2017-07-21,51,FALSE,819
875,2018-04-13,93,TRUE,1120
876,2016-03-27,90,TRUE,1528
877,2017-11-16,71,FALSE,250
878,2017-07-03,58,TRUE,1808
879,2016-05-20,83,TRUE,475
880,2019-03-21,113,TRUE,697
881,2016-10-13,59,TRUE,82
882,2016-04-01,92,TRUE,1813
883,2019-05-16,58,FALSE,801
884,2019-05-16,74,TRUE,1038
885,2019-05-16,87,FALSE,866
886,2017-07-24,71,TRUE,1362
887,2017-09-01,112,TRUE,1923
888,2019-02-26,105,TRUE,753
889,2019-02-26,102,FALSE,415
890,2017-07-19,96,TRUE,1881
891,2019-02-26,94,TRUE,1951
892,2019-05-16,63,TRUE,1882
893,2019-02-26,90,TRUE,551
894,2017-03-03,104,TRUE,746
895,2016-06-13,72,TRUE,1704
896,2016-05-03,82,TRUE,1968
897,2019-02-26,94,FALSE,514
898,2016-04-05,83,FALSE,524
899,2015-10-19,51,FALSE,48
900,2019-02-26,107,TRUE,846
901,2017-06-19,80,TRUE,61
902,2016-05-15,100,TRUE,440
903,2016-03-02,61,FALSE,1191
904,2015-11-02,108,FALSE,206
905,2019-02-26,83,TRUE,104
906,2016-05-31,50,FALSE,264
907,2019-05-16,107,FALSE,936
908,2017-04-18,95,FALSE,798
909,2016-06-07,101,TRUE,1220
910,2017-07-23,79,FALSE,1847
911,2016-04-05,82,TRUE,600
912,2019-02-26,114,TRUE,174
913,2019-02-26,63,FALSE,461
914,2017-01-12,83,TRUE,972
915,2018-12-22,52,TRUE,742
916,2016-03-27,109,FALSE,1409
917,2017-09-01,72,TRUE,1378
918,2019-02-26,66,TRUE,1970
919,2016-03-21,111,TRUE,1576
920,2019-02-26,57,TRUE,359
921,2019-02-26,59,FALSE,1272
922,2015-11-29,86,FALSE,1789
923,2015-10-19,95,TRUE,826
924,2019-02-26,54,FALSE,852
925,2019-02-26,108,FALSE,1823
926,2019-02-26,53,FALSE,633
927,2017-07-03,109,FALSE,705
928,2018-12-07,120,FALSE,232
929,2019-02-26,119,FALSE,311
930,2019-02-26,104,TRUE,1591
931,2019-02-26,102,FALSE,1523
932,2017-03-30,102,FALSE,245
933,2016-04-03,86,FALSE,663
934,2019-02-26,106,FALSE,1737
935,2019-02-26,88,TRUE,198
936,2019-03-06,115,TRUE,726
937,2016-04-01,64,FALSE,1365
938,2019-02-26,67,FALSE,1105
939,2019-02-26,93,FALSE,951
940,2016-06-13,70,FALSE,1163
941,2019-02-26,83,FALSE,528
942,2019-05-16,57,TRUE,1562
943,2019-02-26,68,FALSE,75
944,2015-10-23,86,FALSE,1943
945,2018-11-30,111,TRUE,1201
946,2019-05-16,70,TRUE,263
947,2019-02-26,50,FALSE,1347
948,2019-02-26,76,TRUE,745
949,2016-03-29,54,TRUE,242
950,2019-02-26,109,FALSE,977
951,2016-10-04,88,TRUE,1289
952,2015-10-24,114,TRUE,1282
953,2019-02-26,87,FALSE,2
954,2019-05-16,106,TRUE,1669
955,2019-05-16,61,FALSE,1186
956,2019-02-26,75,TRUE,1858
957,2017-09-01,120,FALSE,319
958,2019-02-26,98,TRUE,1243
959,2019-02-26,62,FALSE,887
960,2019-02-26,92,FALSE,667
961,2019-02-26,61,FALSE,1703
962,2016-03-11,109,FALSE,985
963,2015-11-30,76,FALSE,1187
964,2015-10-19,83,FALSE,1777
965,2015-11-19,117,TRUE,1068
966,2019-02-26,86,TRUE,146
967,2019-02-26,108,TRUE,1141
968,2015-11-06,57,TRUE,1884
969,2019-01-12,57,FALSE,427
970,2019-03-29,80,FALSE,1551
971,2019-02-26,113,TRUE,1366
972,2017-07-06,85,TRUE,1809
973,2018-11-29,56,TRUE,180
974,2017-09-07,70,FALSE,469
975,2016-10-20,87,FALSE,1770
976,2016-04-05,83,TRUE,1203
977,2017-06-19,73,FALSE,532
978,2016-11-26,94,TRUE,721
979,2017-06-19,107,TRUE,210
980,2015-09-21,95,FALSE,894
981,2015-11-06,56,FALSE,1862
982,2015-10-19,94,FALSE,1946
983,2019-02-26,83,FALSE,859
984,2018-04-09,73,TRUE,716
985,2019-02-26,81,TRUE,517
986,2019-01-13,74,FALSE,1107
987,2019-02-26,78,FALSE,719
988,2016-04-05,86,FALSE,86
989,2019-02-26,84,FALSE,65
990,2019-02-26,91,TRUE,1680
991,2019-02-26,95,FALSE,115
992,2019-02-26,54,FALSE,717
993,2017-07-24,52,FALSE,1263
994,2019-02-26,112,TRUE,1775
995,2019-02-26,56,FALSE,898
996,2019-02-26,52,TRUE,1204
997,2019-01-30,111,TRUE,568
998,2017-11-22,73,TRUE,1897
999,2016-03-29,68,FALSE,43
1000,2019-01-12,111,FALSE,408
1001,2016-04-05,69,TRUE,317
1002,2019-02-26,117,FALSE,1326
1003,2016-03-31,61,TRUE,1826
1004,2016-03-25,94,FALSE,1265
1005,2019-02-13,112,TRUE,36
1006,2017-06-29,70,TRUE,1885
1007,2019-02-26,62,TRUE,1472
1008,2016-10-13,52,TRUE,193
1009,2019-01-26,102,TRUE,510
1010,2016-06-20,57,FALSE,1101
1011,2018-01-23,55,FALSE,1559
1012,2019-04-18,93,TRUE,1045
1013,2019-02-26,96,FALSE,1942
1014,2019-02-28,64,FALSE,497
1015,2017-07-20,100,TRUE,1779
1016,2017-06-19,100,TRUE,1477
1017,2019-02-26,104,TRUE,1237
1018,2019-02-26,80,FALSE,42
1019,2017-08-27,107,TRUE,1095
1020,2019-02-26,71,TRUE,1928
1021,2016-04-05,101,TRUE,1434
1022,2015-12-02,58,TRUE,739
1023,2015-09-21,60,FALSE,1381
1024,2017-02-25,89,FALSE,842
1025,2017-07-20,118,FALSE,1595
1026,2015-09-21,66,TRUE,1682
1027,2015-10-23,74,TRUE,672
1028,2016-04-04,74,FALSE,1218
1029,2017-06-29,94,FALSE,287
1030,2015-10-23,92,FALSE,1790
1031,2015-10-20,106,FALSE,152
1032,2017-07-21,51,TRUE,132
1033,2016-06-21,64,FALSE,437
1034,2019-03-30,85,TRUE,550
1035,2015-10-22,53,TRUE,391
1036,2016-05-05,86,FALSE,1442
1037,2016-03-29,116,FALSE,614
1038,2019-01-25,52,TRUE,1351
1039,2016-03-21,74,TRUE,870
1040,2019-03-21,100,FALSE,144
1041,2017-06-19,90,TRUE,390
1042,2017-06-19,86,FALSE,474
1043,2019-03-21,73,FALSE,1831
1044,2019-03-21,110,TRUE,546
1045,2017-06-19,55,TRUE,381
1046,2019-05-16,90,FALSE,1728
1047,2015-10-20,78,TRUE,1792
1048,2015-10-23,52,FALSE,998
1049,2017-06-24,115,TRUE,969
1050,2017-06-24,87,TRUE,45
1051,2015-10-20,119,FALSE,867
1052,2016-04-03,106,TRUE,1867
1053,2016-05-28,102,TRUE,1800
1054,2016-06-20,80,FALSE,651
1055,2017-07-19,119,TRUE,1622
1056,2019-03-21,55,FALSE,1720
1057,2016-03-23,77,TRUE,1756
1058,2016-05-31,58,TRUE,16
1059,2016-04-03,100,FALSE,1226
1060,2019-02-26,60,TRUE,452
1061,2017-06-19,56,FALSE,1478
1062,2017-06-19,75,TRUE,1803
1063,2015-10-19,120,TRUE,580
1064,2017-06-19,91,TRUE,1462
1065,2019-01-25,52,TRUE,591
1066,2017-09-12,88,FALSE,351
1067,2016-05-16,90,TRUE,1910
1068,2019-03-06,75,FALSE,314
1069,2016-04-21,87,TRUE,1025
1070,2017-07-20,81,TRUE,790
1071,2015-10-23,74,TRUE,367
1072,2015-10-23,90,FALSE,720
1073,2019-05-16,79,TRUE,505
1074,2017-07-19,71,FALSE,1608
1075,2019-05-16,100,TRUE,627
1076,2017-06-19,119,TRUE,1450
1077,2015-09-21,83,TRUE,722
1078,2017-06-19,107,FALSE,902
1079,2019-05-16,67,TRUE,178
1080,2018-12-17,75,FALSE,495
1081,2017-08-26,74,FALSE,470
1082,2017-07-19,102,TRUE,1150
1083,2016-02-26,90,TRUE,596
1084,2016-05-05,118,FALSE,386
1085,2017-10-23,105,FALSE,1063
1086,2018-11-30,61,FALSE,704
1087,2016-04-03,102,FALSE,223
1088,2018-12-19,51,TRUE,883
1089,2019-05-16,58,FALSE,1140
1090,2017-07-20,73,FALSE,1492
1091,2016-03-27,75,TRUE,536
1092,2019-03-06,99,FALSE,929
1093,2019-02-01,57,TRUE,1010
1094,2018-01-16,70,FALSE,676
1095,2017-07-24,56,FALSE,1940
1096,2016-05-19,72,FALSE,29
1097,2016-03-02,53,TRUE,1398
1098,2019-01-12,114,FALSE,216
1099,2019-04-20,86,FALSE,1142
1100,2015-09-13,65,TRUE,968
1101,2017-07-18,60,FALSE,855
1102,2019-05-16,65,TRUE,878
1103,2016-04-04,95,FALSE,1179
1104,2016-12-25,72,TRUE,899
1105,2016-02-17,73,FALSE,800
1106,2017-06-30,65,FALSE,1047
1107,2019-05-16,117,FALSE,1936
1108,2015-09-13,77,TRUE,1051
1109,2018-01-20,111,FALSE,1431
1110,2018-12-11,105,TRUE,1198
1111,2016-05-05,99,FALSE,916
1112,2016-09-08,75,TRUE,563
1113,2017-09-13,57,FALSE,442
1114,2016-04-06,65,TRUE,200
1115,2019-05-16,96,FALSE,1423
1116,2019-01-30,113,TRUE,401
1117,2015-11-06,96,FALSE,463
1118,2016-04-03,80,FALSE,1316
1119,2017-07-24,73,FALSE,937
1120,2019-02-26,53,TRUE,1317
1121,2019-02-26,70,FALSE,1280
1122,2019-04-18,84,TRUE,322
1123,2019-05-16,95,FALSE,897
1124,2019-05-16,54,FALSE,1694
1125,2017-06-27,91,FALSE,432
1126,2017-09-14,97,TRUE,1787
1127,2015-10-20,71,TRUE,631
1128,2016-03-28,115,FALSE,203
1129,2019-03-21,94,TRUE,231
1130,2014-10-25,55,FALSE,674
1131,2017-12-31,66,TRUE,906
1132,2019-05-16,77,TRUE,766
1133,2017-08-26,53,FALSE,220
1134,2019-03-21,113,TRUE,821
1135,2019-02-26,91,FALSE,1904
1136,2017-06-19,51,FALSE,1247
1137,2016-04-04,60,TRUE,369
1138,2018-02-27,97,TRUE,547
1139,2016-06-27,73,FALSE,748
1140,2017-08-26,112,TRUE,13
1141,2014-10-26,84,FALSE,939
1142,2016-06-07,68,TRUE,1182
1143,2016-05-19,89,TRUE,266
1144,2017-08-26,96,TRUE,30
1145,2015-11-19,98,FALSE,27
1146,2014-10-25,52,FALSE,1438
1147,2014-12-29,104,FALSE,881
1148,2017-07-20,82,FALSE,523
1149,2015-09-16,81,FALSE,74
1150,2017-06-19,112,TRUE,1488
1151,2019-05-16,91,FALSE,1004
1152,2015-09-13,57,FALSE,41
1153,2017-07-19,62,FALSE,1872
1154,2019-05-16,81,TRUE,1938
1155,2019-05-16,84,TRUE,1855
1156,2016-06-14,106,FALSE,308
1157,2017-07-18,53,TRUE,535
1158,2017-07-30,106,FALSE,1119
1159,2016-03-30,79,FALSE,1700
1160,2019-05-16,94,FALSE,1839
1161,2017-06-19,118,FALSE,736
1162,2018-05-09,96,TRUE,991
1163,2017-06-19,51,TRUE,1388
1164,2017-06-19,58,TRUE,1650
1165,2016-06-20,95,FALSE,1913
1166,2016-11-14,95,TRUE,1164
1167,2017-07-20,104,FALSE,374
1168,2019-03-21,104,FALSE,1368
1169,2016-04-04,77,TRUE,698
1170,2017-10-23,67,TRUE,291
1171,2019-05-16,95,FALSE,1227
1172,2019-05-16,109,TRUE,1350
1173,2015-10-22,76,TRUE,1626
1174,2018-12-21,100,TRUE,1489
1175,2017-08-26,80,FALSE,647
1176,2019-04-19,61,FALSE,254
1177,2019-04-01,50,TRUE,754
1178,2019-04-18,79,TRUE,822
1179,2019-05-16,111,TRUE,603
1180,2019-01-11,59,FALSE,1624
1181,2019-05-16,93,FALSE,1859
1182,2019-04-02,62,TRUE,63
1183,2015-10-23,95,TRUE,1395
1184,2016-02-26,73,TRUE,954
1185,2019-05-16,82,FALSE,1986
1186,2019-05-16,67,FALSE,763
1187,2019-05-16,68,TRUE,989
1188,2019-02-01,104,TRUE,77
1189,2019-03-06,73,FALSE,572
1190,2017-07-19,62,TRUE,1631
1191,2017-12-13,63,FALSE,5
1192,2019-05-16,77,TRUE,1687
1193,2019-05-16,87,FALSE,1868
1194,2019-05-15,92,TRUE,681
1195,2016-04-04,97,FALSE,1836
1196,2017-07-06,75,TRUE,1772
1197,2019-01-30,105,FALSE,608
1198,2015-10-23,97,FALSE,1015
1199,2019-04-01,106,TRUE,1127
1200,2019-01-16,76,FALSE,1146
1201,2017-07-20,97,FALSE,1918
1202,2019-05-15,66,FALSE,993
1203,2015-09-21,84,FALSE,637
1204,2016-04-01,64,FALSE,473
1205,2016-03-26,108,FALSE,1376
1206,2019-05-15,71,FALSE,498
1207,2017-07-20,61,TRUE,606
1208,2017-06-19,81,TRUE,384
1209,2017-07-19,70,TRUE,813
1210,2019-03-21,96,TRUE,1169
1211,2019-02-11,74,TRUE,911
1212,2019-05-15,68,TRUE,1406
1213,2019-05-15,54,TRUE,1577
1214,2017-07-23,70,TRUE,1003
1215,2015-10-19,53,TRUE,1949
1216,2017-07-22,116,FALSE,796
1217,2019-04-19,111,TRUE,840
1218,2019-05-15,103,FALSE,960
1219,2019-05-15,120,FALSE,1384
1220,2017-06-19,115,FALSE,1490
1221,2015-11-24,53,FALSE,1165
1222,2017-06-19,61,FALSE,1811
1223,2016-03-21,85,FALSE,209
1224,2015-10-24,63,TRUE,783
1225,2017-07-01,56,FALSE,1100
1226,2019-05-15,66,FALSE,1495
1227,2019-05-15,95,TRUE,1331
1228,2019-05-15,59,TRUE,788
1229,2015-10-23,50,TRUE,1584
1230,2017-07-20,75,TRUE,1883
1231,2019-05-15,107,FALSE,140
1232,2019-05-15,103,FALSE,221
1233,2016-11-14,57,FALSE,1856
1234,2018-05-08,111,FALSE,808
1235,2019-05-15,96,TRUE,326
1236,2019-04-18,102,FALSE,493
1237,2019-05-15,87,FALSE,582
1238,2019-05-15,58,TRUE,213
1239,2019-05-15,80,TRUE,137
1240,2015-10-23,118,TRUE,982
1241,2019-05-15,66,FALSE,1769
1242,2017-07-19,54,TRUE,108
1243,2015-10-21,81,FALSE,1310
1244,2015-10-23,55,TRUE,792
1245,2016-05-16,100,FALSE,1046
1246,2016-03-31,64,TRUE,1972
1247,2019-02-26,72,TRUE,995
1248,2016-03-28,50,FALSE,1610
1249,2019-02-22,65,TRUE,1692
1250,2019-03-21,78,TRUE,873
1251,2019-05-15,119,TRUE,533
1252,2019-01-12,96,FALSE,1630
1253,2015-11-07,74,TRUE,1742
1254,2016-04-05,55,FALSE,506
1255,2015-10-23,81,TRUE,604
1256,2018-11-21,115,FALSE,11
1257,2015-11-19,99,TRUE,1937
1258,2019-05-15,83,FALSE,283
1259,2019-02-26,54,TRUE,227
1260,2016-05-05,61,TRUE,49
1261,2019-05-15,87,TRUE,1785
1262,2017-07-19,64,TRUE,1552
1263,2017-07-07,69,TRUE,1197
1264,2017-07-19,72,TRUE,818
1265,2017-09-12,77,TRUE,1661
1266,2019-05-15,94,TRUE,1484
1267,2017-09-07,114,FALSE,67
1268,2015-09-21,88,FALSE,1125
1269,2016-03-27,85,FALSE,1514
1270,2016-06-13,108,TRUE,1037
1271,2015-10-23,64,TRUE,1332
1272,2017-07-06,78,TRUE,28
1273,2019-05-15,82,TRUE,584
1274,2015-10-17,97,FALSE,1715
1275,2017-07-23,107,TRUE,694
1276,2019-04-12,110,TRUE,1348
1277,2019-05-15,92,FALSE,1283
1278,2019-05-15,88,TRUE,1851
1279,2019-05-15,85,TRUE,1055
1280,2015-10-23,100,FALSE,491
1281,2018-01-26,91,TRUE,436
1282,2019-05-15,80,FALSE,573
1283,2017-07-08,72,FALSE,1143
1284,2016-06-20,108,FALSE,1396
1285,2019-05-15,85,TRUE,1573
1286,2016-04-01,106,FALSE,1955
1287,2017-06-19,85,TRUE,278
1288,2017-09-01,120,TRUE,275
1289,2019-03-21,99,TRUE,612
1290,2016-03-27,56,FALSE,1557
1291,2017-06-29,81,FALSE,1886
1292,2016-04-06,114,FALSE,205
1293,2015-10-23,119,TRUE,774
1294,2017-12-17,91,TRUE,1415
1295,2016-04-05,78,TRUE,961
1296,2015-11-13,102,FALSE,233
1297,2017-07-24,59,FALSE,1144
1298,2017-07-06,51,TRUE,1224
1299,2019-05-15,71,FALSE,237
1300,2015-10-23,96,FALSE,1636
1301,2017-12-17,60,FALSE,23
1302,2016-02-26,85,TRUE,513
1303,2016-03-12,81,FALSE,1596
1304,2015-10-20,76,TRUE,1109
1305,2019-02-10,63,TRUE,1274
1306,2019-05-15,54,TRUE,1036
1307,2019-01-25,86,TRUE,942
1308,2015-10-23,59,TRUE,1507
1309,2016-04-02,97,TRUE,1427
1310,2018-11-21,78,FALSE,197
1311,2016-04-03,76,FALSE,243
1312,2019-05-15,71,FALSE,1774
1313,2019-01-30,67,FALSE,1469
1314,2015-11-30,65,TRUE,1518
1315,2019-03-21,102,FALSE,1067
1316,2018-03-06,115,FALSE,1616
1317,2019-03-27,82,TRUE,587
1318,2019-01-21,110,FALSE,1363
1319,2016-05-29,79,FALSE,1709
1320,2016-06-20,108,TRUE,552
1321,2016-04-03,82,FALSE,1743
1322,2019-05-15,115,FALSE,1325
1323,2017-06-19,91,TRUE,570
1324,2016-10-13,71,TRUE,218
1325,2016-12-31,57,FALSE,1171
1326,2019-04-18,94,FALSE,1132
1327,2019-05-15,88,FALSE,924
1328,2019-01-12,64,TRUE,271
1329,2016-04-05,95,FALSE,1447
1330,2014-10-23,53,FALSE,1556
1331,2016-03-21,81,TRUE,439
1332,2017-09-07,75,TRUE,333
1333,2016-05-28,117,FALSE,1683
1334,2015-11-07,82,TRUE,1302
1335,2019-02-14,75,TRUE,769
1336,2017-07-23,102,TRUE,449
1337,2019-05-15,65,FALSE,804
1338,2019-05-15,79,FALSE,725
1339,2017-07-24,92,TRUE,877
1340,2016-04-04,106,TRUE,1118
1341,2016-05-16,106,FALSE,1664
1342,2017-09-06,71,FALSE,128
1343,2016-10-18,67,FALSE,1708
1344,2018-01-02,114,FALSE,1301
1345,2016-03-31,75,FALSE,121
1346,2015-11-19,113,FALSE,1155
1347,2018-01-21,70,TRUE,1375
1348,2019-01-28,62,TRUE,971
1349,2017-07-11,91,TRUE,511
1350,2015-10-20,108,TRUE,1349
1351,2016-03-21,109,FALSE,909
1352,2017-07-19,97,FALSE,1443
1353,2015-11-23,91,FALSE,703
1354,2017-11-15,91,FALSE,1688
1355,2019-05-15,62,TRUE,1199
1356,2016-03-02,67,FALSE,562
1357,2016-04-03,95,TRUE,1168
1358,2019-05-15,99,TRUE,984
1359,2017-07-07,80,FALSE,364
1360,2016-03-02,111,TRUE,1465
1361,2017-06-13,110,TRUE,1287
1362,2016-03-31,106,FALSE,795
1363,2016-05-28,104,TRUE,853
1364,2016-03-31,64,TRUE,1215
1365,2017-07-20,97,TRUE,980
1366,2018-04-14,57,TRUE,1857
1367,2019-03-21,77,FALSE,352
1368,2018-12-13,75,FALSE,1480
1369,2019-05-15,57,FALSE,1684
1370,2017-07-06,85,TRUE,424
1371,2015-09-21,95,FALSE,1521
1372,2017-07-18,83,FALSE,150
1373,2016-04-01,82,FALSE,560
1374,2016-06-04,94,FALSE,780
1375,2017-07-19,109,FALSE,807
1376,2016-04-01,71,FALSE,549
1377,2015-09-10,72,FALSE,617
1378,2016-03-30,103,FALSE,477
1379,2016-04-03,103,TRUE,646
1380,2018-05-20,110,TRUE,59
1381,2017-07-24,77,FALSE,300
1382,2019-05-15,52,TRUE,1619
1383,2017-07-20,53,FALSE,222
1384,2017-07-19,108,TRUE,1239
1385,2017-07-06,74,TRUE,179
1386,2017-02-01,81,TRUE,1899
1387,2015-10-22,82,FALSE,95
1388,2018-06-12,106,TRUE,657
1389,2017-07-20,114,TRUE,1665
1390,2016-11-02,64,FALSE,1554
1391,2019-02-26,58,FALSE,22
1392,2017-06-29,109,FALSE,163
1393,2017-07-23,60,FALSE,561
1394,2015-09-02,104,FALSE,1795
1395,2019-03-21,66,TRUE,106
1396,2016-06-14,70,FALSE,1605
1397,2019-05-15,107,FALSE,184
1398,2016-06-08,110,FALSE,217
1399,2016-03-28,63,TRUE,920
1400,2017-07-20,72,FALSE,350
1401,2019-05-15,115,TRUE,1000
1402,2019-03-06,103,FALSE,896
1403,2016-06-08,111,FALSE,1001
1404,2018-05-09,98,FALSE,409
1405,2016-04-01,100,FALSE,990
1406,2015-10-23,72,FALSE,732
1407,2016-03-29,76,FALSE,346
1408,2019-05-15,60,TRUE,212
1409,2019-02-09,101,TRUE,1896
1410,2019-05-15,56,FALSE,1020
1411,2017-07-02,118,TRUE,779
1412,2019-04-18,117,FALSE,1632
1413,2019-01-20,73,FALSE,318
1414,2016-03-29,105,TRUE,1929
1415,2017-07-18,101,TRUE,1106
1416,2017-07-20,65,FALSE,921
1417,2017-07-24,94,FALSE,1160
1418,2016-02-17,102,TRUE,1567
1419,2016-04-01,89,TRUE,660
1420,2016-04-01,78,FALSE,1453
1421,2017-09-05,81,FALSE,431
1422,2016-07-06,74,TRUE,824
1423,2018-12-02,104,TRUE,1714
1424,2017-07-23,59,TRUE,371
1425,2017-07-24,86,FALSE,331
1426,2016-05-31,72,TRUE,1113
1427,2017-09-05,93,TRUE,785
1428,2016-04-04,95,FALSE,253
1429,2017-07-23,104,FALSE,467
1430,2015-10-23,104,FALSE,577
1431,2015-10-24,67,TRUE,1536
1432,2017-07-20,62,TRUE,1957
1433,2016-03-27,65,TRUE,1057
1434,2019-05-15,64,TRUE,1089
1435,2015-10-23,77,TRUE,315
1436,2017-07-20,60,FALSE,490
1437,2017-08-27,51,TRUE,324
1438,2019-02-22,99,TRUE,1711
1439,2019-05-15,111,TRUE,1049
1440,2019-01-26,64,TRUE,1455
1441,2019-05-15,68,FALSE,172
1442,2019-03-21,84,TRUE,225
1443,2019-02-26,55,FALSE,293
1444,2015-12-02,79,FALSE,111
1445,2017-07-11,99,FALSE,1866
1446,2015-07-22,104,FALSE,1892
1447,2017-07-06,54,TRUE,841
1448,2015-10-23,75,TRUE,1476
1449,2017-07-19,58,FALSE,1111
1450,2017-07-19,61,TRUE,1926
1451,2015-11-06,107,FALSE,387
1452,2016-03-28,73,FALSE,113
1453,2017-06-27,85,TRUE,141
1454,2017-07-19,83,FALSE,1217
1455,2016-03-26,97,TRUE,944
1456,2017-07-06,102,FALSE,1483
1457,2016-06-20,66,TRUE,385
1458,2016-07-06,80,TRUE,1136
1459,2017-07-06,87,TRUE,12
1460,2019-03-21,52,TRUE,949
1461,2017-06-19,98,FALSE,1414
1462,2019-05-15,112,TRUE,1603
1463,2019-02-26,89,FALSE,888
1464,2019-03-21,71,FALSE,1912
1465,2017-06-29,69,TRUE,69
1466,2019-03-21,68,TRUE,215
1467,2017-06-29,87,TRUE,284
1468,2017-07-19,50,TRUE,1590
1469,2019-02-07,94,TRUE,1357
1470,2019-02-26,55,TRUE,1592
1471,2017-06-19,103,FALSE,519
1472,2017-06-19,79,TRUE,14
1473,2017-07-20,59,TRUE,228
1474,2016-10-18,88,TRUE,1911
1475,2017-07-20,93,TRUE,109
1476,2019-02-26,67,TRUE,290
1477,2019-05-15,76,TRUE,336
1478,2017-07-18,85,FALSE,1311
1479,2019-03-21,67,TRUE,107
1480,2019-02-26,54,FALSE,370
1481,2019-05-15,103,TRUE,1061
1482,2019-05-15,90,TRUE,1306
1483,2019-05-15,52,TRUE,1334
1484,2016-03-30,52,TRUE,632
1485,2017-07-06,83,FALSE,1887
1486,2016-03-21,117,FALSE,1642
1487,2015-09-13,100,TRUE,686
1488,2016-06-06,85,TRUE,1780
1489,2016-03-27,114,FALSE,1827
1490,2019-03-06,106,FALSE,1799
1491,2019-03-29,65,TRUE,1822
1492,2019-05-15,61,TRUE,710
1493,2019-05-15,67,TRUE,1979
1494,2017-06-25,79,TRUE,161
1495,2016-03-25,81,FALSE,96
1496,2019-05-15,88,FALSE,1804
1497,2017-04-07,104,FALSE,762
1498,2017-02-01,120,FALSE,299
1499,2019-02-26,82,FALSE,288
1500,2019-02-26,52,TRUE,1232
1501,2016-05-06,99,FALSE,1153
1502,2016-05-31,114,FALSE,987
1503,2015-11-07,64,FALSE,613
1504,2017-07-20,67,TRUE,1137
1505,2015-11-02,76,FALSE,1190
1506,2017-06-19,99,FALSE,268
1507,2017-09-04,52,TRUE,1560
1508,2019-02-26,120,TRUE,1673
1509,2019-05-15,51,FALSE,811
1510,2019-02-01,81,FALSE,629
1511,2017-09-04,67,FALSE,889
1512,2019-04-18,120,TRUE,690
1513,2019-02-02,64,TRUE,1985
1514,2016-02-26,107,FALSE,170
1515,2017-06-19,108,FALSE,1114
1516,2019-04-18,103,FALSE,1029
1517,2016-04-04,78,FALSE,1582
1518,2015-10-20,56,TRUE,669
1519,2016-04-06,117,FALSE,1177
1520,2017-07-11,62,TRUE,143
1521,2017-07-11,94,TRUE,347
1522,2019-04-17,54,FALSE,1219
1523,2019-05-15,92,TRUE,1691
1524,2015-10-19,59,FALSE,688
1525,2019-05-15,111,TRUE,1784
1526,2019-05-15,83,FALSE,323
1527,2019-01-12,113,FALSE,1512
1528,2019-02-26,69,TRUE,1410
1529,2017-06-27,108,TRUE,1761
1530,2019-01-25,94,TRUE,309
1531,2017-07-06,52,FALSE,643
1532,2017-07-20,85,FALSE,234
1533,2017-07-03,86,TRUE,592
1534,2018-12-02,95,FALSE,429
1535,2019-03-29,119,FALSE,706
1536,2015-11-02,91,TRUE,1657
1537,2017-07-21,111,TRUE,639
1538,2019-02-26,71,FALSE,622
1539,2017-03-03,50,FALSE,1394
1540,2019-05-15,106,FALSE,31
1541,2016-02-17,84,TRUE,100
1542,2018-01-18,100,FALSE,1958
1543,2019-05-15,56,TRUE,476
1544,2017-06-27,79,FALSE,1762
1545,2017-07-02,103,FALSE,1328
1546,2017-07-03,92,TRUE,224
1547,2019-01-16,55,FALSE,329
1548,2016-02-16,55,TRUE,1747
1549,2015-10-23,104,TRUE,485
1550,2015-11-19,91,FALSE,185
1551,2016-05-16,86,FALSE,1538
1552,2014-10-31,92,TRUE,1508
1553,2017-07-18,111,TRUE,1869
1554,2016-03-29,119,FALSE,538
1555,2017-06-25,112,FALSE,1024
1556,2019-03-21,110,TRUE,1830
1557,2019-05-15,89,FALSE,501
1558,2019-04-01,79,TRUE,576
1559,2017-11-16,73,TRUE,616
1560,2019-05-15,107,TRUE,298
1561,2019-05-15,94,TRUE,922
1562,2017-11-04,90,TRUE,1730
1563,2016-04-02,56,TRUE,1837
1564,2016-06-04,58,FALSE,1499
1565,2017-07-22,51,TRUE,1566
1566,2015-10-19,66,FALSE,1292
1567,2019-02-10,93,TRUE,1126
1568,2019-05-15,54,FALSE,394
1569,2017-07-03,86,TRUE,623
1570,2019-05-15,57,FALSE,1963
1571,2019-05-15,110,TRUE,492
1572,2019-05-15,72,TRUE,486
1573,2016-04-05,111,TRUE,236
1574,2016-05-05,90,FALSE,117
1575,2016-04-05,66,FALSE,1397
1576,2017-12-10,92,TRUE,1086
1577,2019-05-15,74,FALSE,186
1578,2019-05-15,56,FALSE,194
1579,2016-04-02,60,FALSE,406
1580,2016-03-23,119,FALSE,1723
1581,2019-05-15,71,FALSE,368
1582,2014-10-19,69,FALSE,1154
1583,2015-10-21,107,FALSE,1806
1584,2016-12-13,53,FALSE,462
1585,2016-04-22,94,FALSE,934
1586,2017-07-19,51,FALSE,94
1587,2019-05-14,69,TRUE,1542
1588,2017-07-18,120,FALSE,262
1589,2018-02-09,57,FALSE,539
1590,2017-12-18,72,TRUE,459
1591,2019-05-14,113,FALSE,1571
1592,2017-07-19,80,FALSE,1253
1593,2019-02-26,67,TRUE,1437
1594,2016-05-06,102,FALSE,1432
1595,2019-05-14,51,TRUE,1393
1596,2018-04-15,120,FALSE,1353
1597,2019-01-16,92,FALSE,285
1598,2019-02-09,66,FALSE,366
1599,2017-07-23,78,TRUE,478
1600,2016-10-16,78,TRUE,1745
1601,2019-04-18,89,FALSE,413
1602,2016-06-18,114,TRUE,1526
1603,2016-02-26,92,TRUE,304
1604,2016-05-16,80,TRUE,1944
1605,2019-05-14,82,FALSE,862
1606,2015-09-21,99,TRUE,1734
1607,2019-05-14,59,TRUE,460
1608,2018-12-15,54,TRUE,1834
1609,2017-06-19,74,FALSE,1903
1610,2015-10-23,87,FALSE,1059
1611,2017-06-19,100,TRUE,154
1612,2016-06-20,107,FALSE,1585
1613,2019-05-14,79,FALSE,868
1614,2015-10-19,117,TRUE,330
1615,2017-11-03,71,FALSE,621
1616,2016-06-13,63,TRUE,396
1617,2016-03-25,73,FALSE,634
1618,2017-07-24,80,TRUE,1898
1619,2017-06-19,112,TRUE,915
1620,2016-07-10,71,TRUE,1076
1621,2017-07-20,70,TRUE,1717
1622,2017-07-19,72,TRUE,1320
1623,2016-04-01,101,FALSE,1123
1624,2015-10-23,85,TRUE,875
1625,2019-02-01,113,TRUE,1771
1626,2019-05-14,55,FALSE,47
1627,2017-07-20,103,TRUE,1090
1628,2019-05-14,108,TRUE,454
1629,2016-06-20,91,FALSE,1656
1630,2017-07-20,51,TRUE,938
1631,2017-11-16,101,FALSE,1960
1632,2016-07-06,72,FALSE,1214
1633,2017-06-19,67,TRUE,348
1634,2019-03-21,89,TRUE,571
1635,2017-07-24,108,TRUE,355
1636,2018-11-22,102,TRUE,1852
1637,2019-04-19,95,FALSE,15
1638,2016-03-31,99,FALSE,358
1639,2019-02-02,75,FALSE,905
1640,2017-07-06,116,FALSE,357
1641,2015-10-23,70,FALSE,1540
1642,2016-06-16,64,TRUE,380
1643,2019-01-30,105,FALSE,848
1644,2019-05-14,96,FALSE,1702
1645,2015-10-23,74,FALSE,1569
1646,2017-06-19,98,TRUE,1156
1647,2018-12-21,80,TRUE,847
1648,2016-03-29,84,TRUE,1087
1649,2018-12-21,104,FALSE,1344
1650,2016-05-19,88,FALSE,673
1651,2017-07-06,81,TRUE,1440
1652,2019-05-14,66,TRUE,38
1653,2017-06-19,65,FALSE,153
1654,2018-11-27,75,FALSE,1956
1655,2016-03-29,62,FALSE,607
1656,2016-12-22,62,FALSE,709
1657,2018-12-21,77,TRUE,1291
1658,2017-06-25,56,TRUE,1116
1659,2015-10-19,79,TRUE,120
1660,2017-06-19,66,TRUE,849
1661,2016-06-04,114,FALSE,124
1662,2015-11-20,113,TRUE,1527
1663,2017-06-19,62,FALSE,397
1664,2019-05-14,92,FALSE,778
1665,2019-05-14,119,FALSE,1906
1666,2018-01-28,109,TRUE,1188
1667,2019-02-22,57,TRUE,1966
1668,2016-06-20,81,FALSE,1121
1669,2016-05-15,83,FALSE,1517
1670,2019-05-14,59,TRUE,1755
1671,2017-07-20,112,TRUE,882
1672,2016-05-31,77,TRUE,864
1673,2019-05-14,87,FALSE,640
1674,2018-12-21,52,TRUE,802
1675,2019-02-26,104,TRUE,257
1676,2019-02-26,101,TRUE,1373
1677,2019-02-26,105,FALSE,970
1678,2017-11-15,60,TRUE,749
1679,2017-07-20,101,TRUE,1149
1680,2017-08-29,64,FALSE,1340
1681,2019-02-26,99,TRUE,1467
1682,2019-05-14,75,FALSE,664
1683,2019-05-14,85,FALSE,724
1684,2017-07-18,100,FALSE,918
1685,2017-07-19,66,FALSE,1635
1686,2016-04-20,112,FALSE,1850
1687,2019-02-26,94,FALSE,768
1688,2019-01-11,92,FALSE,812
1689,2016-04-03,67,TRUE,1192
1690,2018-03-12,55,TRUE,700
1691,2019-05-14,59,TRUE,189
1692,2017-10-11,114,TRUE,1184
1693,2017-06-19,89,FALSE,1370
1694,2019-05-14,77,FALSE,1854
1695,2019-05-14,51,TRUE,893
1696,2018-12-21,71,FALSE,585
1697,2015-10-09,101,TRUE,1407
1698,2019-02-26,114,TRUE,125
1699,2017-09-07,69,FALSE,1078
1700,2015-10-19,62,FALSE,1697
1701,2016-05-31,57,FALSE,1
1702,2015-11-19,62,TRUE,626
1703,2017-09-20,54,TRUE,1298
1704,2016-05-06,93,FALSE,856
1705,2017-07-21,52,TRUE,1980
1706,2018-11-21,104,FALSE,1814
1707,2017-07-18,73,FALSE,81
1708,2019-02-26,112,TRUE,1731
1709,2019-02-26,87,TRUE,701
1710,2019-05-14,62,FALSE,448
1711,2019-02-26,94,FALSE,445
1712,2019-02-26,113,FALSE,1206
1713,2016-06-14,93,TRUE,131
1714,2019-02-26,112,FALSE,1721
1715,2019-01-25,57,TRUE,1261
1716,2014-02-02,61,TRUE,1648
1717,2015-10-21,92,FALSE,1908
1718,2017-01-15,64,FALSE,301
1719,2016-06-07,113,FALSE,789
1720,2019-02-26,85,TRUE,1609
1721,2015-10-23,103,TRUE,953
1722,2016-04-02,73,TRUE,1471
1723,2018-12-15,54,TRUE,767
1724,2016-04-01,62,TRUE,1760
1725,2018-12-08,50,FALSE,1130
1726,2016-05-03,53,FALSE,687
1727,2016-03-29,78,FALSE,1798
1728,2019-05-14,64,TRUE,165
1729,2016-03-31,51,TRUE,32
1730,2016-03-02,102,TRUE,20
1731,2018-05-08,60,TRUE,1030
1732,2016-05-16,57,TRUE,1456
1733,2019-03-28,118,TRUE,1976
1734,2017-06-19,95,TRUE,1073
1735,2019-02-26,76,FALSE,1138
1736,2017-09-05,97,TRUE,1408
1737,2019-02-26,76,TRUE,908
1738,2015-10-19,85,FALSE,874
1739,2016-03-31,83,FALSE,1356
1740,2019-05-14,73,FALSE,1092
1741,2016-01-02,113,TRUE,947
1742,2017-08-06,80,FALSE,794
1743,2016-03-25,103,FALSE,759
1744,2016-09-08,58,FALSE,1266
1745,2019-02-26,105,TRUE,438
1746,2019-02-26,107,FALSE,1170
1747,2019-02-26,92,TRUE,1916
1748,2017-07-23,54,TRUE,173
1749,2019-02-01,57,TRUE,1210
1750,2016-04-02,112,FALSE,1240
1751,2019-02-26,56,FALSE,484
1752,2019-02-13,110,TRUE,52
1753,2019-02-01,116,FALSE,89
1754,2019-05-14,97,FALSE,487
1755,2015-10-23,92,FALSE,1841
1756,2019-01-16,102,TRUE,1117
1757,2019-05-14,109,TRUE,1267
1758,2016-03-29,89,TRUE,1541
1759,2017-06-29,59,TRUE,1783
1760,2017-07-19,105,TRUE,1753
1761,2019-02-26,86,FALSE,548
1762,2019-05-14,65,TRUE,240
1763,2017-07-06,94,TRUE,1026
1764,2015-11-05,80,TRUE,1941
1765,2016-03-31,66,TRUE,1500
1766,2016-10-18,73,FALSE,1081
1767,2017-07-24,106,TRUE,66
1768,2016-04-06,73,TRUE,1080
1769,2019-03-21,100,TRUE,843
1770,2016-03-27,97,TRUE,1403
1771,2019-05-14,96,FALSE,1617
1772,2017-07-11,113,FALSE,1952
1773,2016-03-02,84,TRUE,636
1774,2017-09-05,74,FALSE,666
1775,2019-02-11,109,FALSE,1205
1776,2017-03-03,71,FALSE,1056
1777,2017-07-21,114,FALSE,777
1778,2015-10-23,92,FALSE,708
1779,2017-07-06,107,TRUE,1677
1780,2017-06-19,80,FALSE,479
1781,2017-07-24,97,TRUE,167
1782,2015-11-04,92,TRUE,1133
1783,2015-10-23,71,FALSE,1112
1784,2016-04-02,100,TRUE,1891
1785,2017-07-22,82,FALSE,516
1786,2017-09-01,112,FALSE,1300
1787,2016-06-04,64,TRUE,973
1788,2019-03-28,99,FALSE,1481
1789,2019-05-14,105,FALSE,1354
1790,2019-05-14,53,FALSE,1364
1791,2016-02-26,75,TRUE,201
1792,2019-02-26,56,FALSE,500
1793,2015-11-07,76,FALSE,1213
1794,2015-10-19,76,FALSE,1550
1795,2019-03-21,103,TRUE,1013
1796,2017-08-29,76,TRUE,305
1797,2019-03-21,103,TRUE,917
1798,2019-02-26,79,FALSE,661
1799,2016-04-03,83,FALSE,1671
1800,2019-02-26,87,FALSE,383
1801,2018-01-30,79,TRUE,246
1802,2019-05-14,71,TRUE,1509
1803,2016-12-13,52,TRUE,114
1804,2019-04-18,113,FALSE,145
1805,2016-04-03,55,TRUE,957
1806,2015-10-20,119,TRUE,1917
1807,2019-05-14,100,FALSE,171
1808,2019-02-26,62,FALSE,73
1809,2019-02-26,50,FALSE,76
1810,2017-07-20,91,TRUE,382
1811,2015-10-23,113,FALSE,1446
1812,2017-06-29,108,TRUE,202
1813,2016-10-26,88,TRUE,1041
1814,2019-02-26,62,FALSE,658
1815,2017-06-24,85,TRUE,620
1816,2015-11-02,71,FALSE,850
1817,2017-07-24,64,TRUE,1544
1818,2019-05-14,67,TRUE,928
1819,2017-09-05,104,FALSE,1461
1820,2019-02-26,86,TRUE,871
1821,2019-02-16,106,FALSE,1012
1822,2017-07-19,86,FALSE,857
1823,2019-05-14,86,TRUE,356
1824,2019-05-14,87,TRUE,747
1825,2019-04-18,80,FALSE,372
1826,2019-05-14,102,FALSE,689
1827,2017-09-11,84,TRUE,1096
1828,2019-05-14,74,TRUE,1128
1829,2017-09-01,88,FALSE,158
1830,2017-07-03,86,TRUE,465
1831,2019-02-26,94,FALSE,1660
1832,2019-05-14,50,FALSE,965
1833,2018-12-16,108,TRUE,1924
1834,2017-07-23,62,FALSE,933
1835,2018-12-16,85,FALSE,68
1836,2019-02-26,79,FALSE,1793
1837,2017-07-19,62,FALSE,1052
1838,2018-01-18,58,FALSE,1599
1839,2016-03-21,50,FALSE,1258
1840,2016-09-19,104,TRUE,1945
1841,2016-05-19,62,TRUE,1628
1842,2019-02-26,58,FALSE,1178
1843,2019-01-24,56,FALSE,805
1844,2019-01-26,96,FALSE,1520
1845,2017-07-06,103,TRUE,1600
1846,2016-05-09,96,TRUE,229
1847,2019-02-26,109,TRUE,214
1848,2017-07-07,86,TRUE,341
1849,2018-04-14,93,FALSE,103
1850,2019-02-19,67,FALSE,1174
1851,2019-05-14,86,FALSE,39
1852,2019-05-14,55,FALSE,1085
1853,2019-02-26,54,FALSE,641
1854,2017-09-01,101,TRUE,1017
1855,2017-09-01,54,FALSE,1515
1856,2017-09-01,91,FALSE,1667
1857,2017-09-11,62,FALSE,1695
1858,2019-05-14,91,FALSE,1380
1859,2016-04-05,81,TRUE,1075
1860,2017-09-01,106,FALSE,302
1861,2017-08-29,89,FALSE,1981
1862,2019-05-14,63,FALSE,1229
1863,2019-05-14,119,FALSE,557
1864,2019-02-26,96,FALSE,839
1865,2019-02-26,82,TRUE,456
1866,2019-02-26,78,FALSE,515
1867,2019-01-25,118,FALSE,1054
1868,2019-02-26,74,TRUE,1534
1869,2019-02-26,86,TRUE,817
1870,2017-06-19,64,TRUE,574
1871,2019-02-26,116,TRUE,654
1872,2017-09-13,109,FALSE,1969
1873,2015-10-21,78,FALSE,1436
1874,2019-02-26,112,TRUE,555
1875,2017-07-23,102,FALSE,1716
1876,2019-02-26,115,TRUE,1256
1877,2019-04-18,68,TRUE,1920
1878,2019-02-26,67,FALSE,256
1879,2019-02-26,107,TRUE,1598
1880,2017-01-16,60,TRUE,1794
1881,2017-09-11,92,TRUE,1776
1882,2019-05-14,57,TRUE,130
1883,2019-05-14,64,FALSE,142
1884,2018-04-30,117,TRUE,1228
1885,2019-05-14,111,FALSE,1183
1886,2019-05-14,84,FALSE,1225
1887,2019-05-14,95,FALSE,1028
1888,2019-05-14,102,FALSE,527
1889,2019-05-14,114,TRUE,176
1890,2019-05-14,75,TRUE,598
1891,2019-05-14,79,TRUE,1194
1892,2017-07-20,105,TRUE,1583
1893,2016-03-31,60,TRUE,349
1894,2019-05-13,119,TRUE,182
1895,2019-05-13,75,TRUE,1412
1896,2019-05-13,77,FALSE,190
1897,2015-10-20,107,FALSE,435
1898,2019-03-06,72,TRUE,833
1899,2019-05-13,109,TRUE,1470
1900,2015-10-24,93,TRUE,149
1901,2019-01-25,87,TRUE,489
1902,2019-05-13,105,TRUE,83
1903,2017-06-22,67,TRUE,1502
1904,2016-04-01,120,FALSE,1260
1905,2017-07-23,98,TRUE,834
1906,2017-03-28,88,FALSE,1374
1907,2019-04-28,96,TRUE,782
1908,2015-11-02,109,TRUE,327
1909,2019-05-13,68,FALSE,943
1910,2015-10-23,51,TRUE,926
1911,2019-05-13,81,TRUE,3
1912,2015-10-23,103,TRUE,1383
1913,2016-04-03,111,TRUE,1454
1914,2019-05-13,115,TRUE,1672
1915,2017-07-20,89,FALSE,404
1916,2019-02-26,92,FALSE,1865
1917,2019-05-13,63,TRUE,773
1918,2017-07-19,57,TRUE,1018
1919,2016-10-20,80,FALSE,1889
1920,2019-05-13,64,FALSE,1639
1921,2017-07-01,56,TRUE,1748
1922,2019-05-13,105,FALSE,1268
1923,2019-05-13,95,FALSE,544
1924,2019-05-13,115,FALSE,1888
1925,2016-02-26,92,TRUE,239
1926,2019-03-21,116,TRUE,1782
1927,2019-05-13,62,FALSE,655
1928,2017-11-20,86,FALSE,1176
1929,2018-05-12,99,TRUE,827
1930,2019-02-26,65,TRUE,714
1931,2019-02-26,64,TRUE,540
1932,2019-02-26,83,FALSE,1449
1933,2019-02-26,105,FALSE,685
1934,2019-02-01,60,TRUE,595
1935,2019-02-02,61,TRUE,1767
1936,2017-07-20,103,FALSE,589
1937,2019-02-26,74,FALSE,1276
1938,2019-01-12,90,TRUE,289
1939,2019-02-26,68,FALSE,44
1940,2019-05-13,64,TRUE,1479
1941,2017-07-24,55,FALSE,823
1942,2019-02-26,108,FALSE,986
1943,2018-03-07,109,FALSE,1546
1944,2017-12-29,96,TRUE,682
1945,2016-04-03,85,TRUE,1778
1946,2017-06-19,52,TRUE,892
1947,2015-09-28,61,FALSE,1832
1948,2016-02-26,102,FALSE,1058
1949,2017-07-19,55,FALSE,1145
1950,2019-01-12,87,FALSE,829
1951,2017-07-06,108,FALSE,1335
1952,2019-02-26,84,TRUE,175
1953,2017-06-27,88,FALSE,1202
1954,2019-05-13,57,TRUE,981
1955,2015-10-23,115,FALSE,252
1956,2015-12-02,107,FALSE,24
1957,2019-02-26,69,TRUE,444
1958,2017-07-06,97,TRUE,1651
1959,2016-04-06,59,FALSE,1840
1960,2019-02-26,63,FALSE,1638
1961,2016-03-28,96,FALSE,418
1962,2019-02-11,114,FALSE,1873
1963,2017-07-19,79,FALSE,1007
1964,2016-06-20,67,FALSE,1044
1965,2017-07-11,78,FALSE,1871
1966,2019-01-30,77,FALSE,472
1967,2017-09-01,109,TRUE,885
1968,2018-11-27,83,TRUE,1419
1969,2015-11-10,80,TRUE,169
1970,2016-11-02,108,FALSE,379
1971,2017-06-19,80,TRUE,545
1972,2019-05-13,80,FALSE,1338
1973,2017-07-23,89,FALSE,1180
1974,2017-07-23,99,TRUE,259
1975,2016-08-18,95,TRUE,997
1976,2017-07-20,50,TRUE,134
1977,2015-11-15,89,TRUE,1235
1978,2017-07-23,106,TRUE,988
1979,2017-07-20,71,FALSE,752
1980,2017-11-06,106,FALSE,211
1981,2019-05-13,119,FALSE,337
1982,2016-11-14,74,TRUE,402
1983,2016-03-24,78,FALSE,558
1984,2015-11-29,113,FALSE,952
1985,2017-07-19,51,TRUE,1158
1986,2016-06-20,97,FALSE,601
